city,datetime,temperature,feels_like,humidity,weather,wind_speed,rain_3h
Mont Saint Michel,2026-06-22 15:00:00,36.86,36.98,28,clear sky,2.91,0.0
Mont Saint Michel,2026-06-22 18:00:00,34.96,36.56,38,clear sky,5.86,0.0
Mont Saint Michel,2026-06-22 21:00:00,25.69,25.67,52,light rain,6.74,0.11
Mont Saint Michel,2026-06-23 00:00:00,26.3,26.3,52,scattered clouds,5.45,0.0
Mont Saint Michel,2026-06-23 03:00:00,22.8,22.75,62,broken clouds,3.39,0.0
Mont Saint Michel,2026-06-23 06:00:00,23.19,23.24,64,scattered clouds,1.96,0.0
Mont Saint Michel,2026-06-23 09:00:00,30.37,30.81,45,few clouds,3.01,0.0
Mont Saint Michel,2026-06-23 12:00:00,36.32,36.93,31,few clouds,0.62,0.0
Mont Saint Michel,2026-06-23 15:00:00,37.72,38.34,28,few clouds,3.48,0.0
Mont Saint Michel,2026-06-23 18:00:00,31.35,33.21,50,clear sky,4.93,0.0
Mont Saint Michel,2026-06-23 21:00:00,26.5,26.5,54,light rain,3.54,0.11
Mont Saint Michel,2026-06-24 00:00:00,23.85,23.81,58,broken clouds,1.09,0.0
Mont Saint Michel,2026-06-24 03:00:00,23.73,23.59,55,broken clouds,1.53,0.0
Mont Saint Michel,2026-06-24 06:00:00,24.52,24.54,58,broken clouds,2.87,0.0
Mont Saint Michel,2026-06-24 09:00:00,32.32,32.38,38,scattered clouds,1.95,0.0
Mont Saint Michel,2026-06-24 12:00:00,37.3,37.39,27,scattered clouds,1.39,0.0
Mont Saint Michel,2026-06-24 15:00:00,37.94,38.1,26,overcast clouds,5.27,0.0
Mont Saint Michel,2026-06-24 18:00:00,31.78,31.97,40,light rain,0.53,0.16
Mont Saint Michel,2026-06-24 21:00:00,30.99,30.02,33,light rain,4.28,0.51
Mont Saint Michel,2026-06-25 00:00:00,23.88,23.81,57,light rain,2.98,0.11
Mont Saint Michel,2026-06-25 03:00:00,22.94,22.83,59,light rain,3.96,0.2
Mont Saint Michel,2026-06-25 06:00:00,25.92,26.06,57,overcast clouds,5.25,0.0
Mont Saint Michel,2026-06-25 09:00:00,34.2,33.55,30,broken clouds,6.36,0.0
Mont Saint Michel,2026-06-25 12:00:00,39.18,37.72,18,broken clouds,7.83,0.0
Mont Saint Michel,2026-06-25 15:00:00,40.1,38.13,15,scattered clouds,7.24,0.0
Mont Saint Michel,2026-06-25 18:00:00,31.0,30.77,39,scattered clouds,5.91,0.0
Mont Saint Michel,2026-06-25 21:00:00,22.75,22.8,66,clear sky,2.73,0.0
Mont Saint Michel,2026-06-26 00:00:00,19.08,19.24,84,light rain,4.13,0.12
Mont Saint Michel,2026-06-26 03:00:00,17.23,17.38,91,scattered clouds,2.13,0.0
Mont Saint Michel,2026-06-26 06:00:00,19.23,19.32,81,few clouds,1.91,0.0
Mont Saint Michel,2026-06-26 09:00:00,24.22,24.08,53,clear sky,2.66,0.0
Mont Saint Michel,2026-06-26 12:00:00,27.88,27.7,42,clear sky,3.59,0.0
Mont Saint Michel,2026-06-26 15:00:00,27.91,27.72,42,clear sky,7.08,0.0
Mont Saint Michel,2026-06-26 18:00:00,23.04,22.91,58,clear sky,5.88,0.0
Mont Saint Michel,2026-06-26 21:00:00,20.0,19.88,70,scattered clouds,3.06,0.0
Mont Saint Michel,2026-06-27 00:00:00,17.68,17.51,77,scattered clouds,2.04,0.0
Mont Saint Michel,2026-06-27 03:00:00,16.69,16.5,80,clear sky,1.98,0.0
Mont Saint Michel,2026-06-27 06:00:00,18.68,18.56,75,clear sky,2.69,0.0
Mont Saint Michel,2026-06-27 09:00:00,23.09,23.02,60,broken clouds,3.88,0.0
Mont Saint Michel,2026-06-27 12:00:00,24.95,24.88,53,scattered clouds,4.94,0.0
St Malo,2026-06-22 15:00:00,36.24,43.24,51,clear sky,6.61,0.0
St Malo,2026-06-22 18:00:00,30.71,34.01,59,clear sky,6.54,0.0
St Malo,2026-06-22 21:00:00,26.28,26.28,50,few clouds,7.8,0.0
St Malo,2026-06-23 00:00:00,23.23,23.15,59,few clouds,4.83,0.0
St Malo,2026-06-23 03:00:00,22.03,22.06,68,scattered clouds,2.72,0.0
St Malo,2026-06-23 06:00:00,22.19,22.16,65,few clouds,2.35,0.0
St Malo,2026-06-23 09:00:00,27.43,27.84,50,scattered clouds,3.35,0.0
St Malo,2026-06-23 12:00:00,31.47,32.04,43,few clouds,3.4,0.0
St Malo,2026-06-23 15:00:00,31.22,31.85,44,clear sky,5.69,0.0
St Malo,2026-06-23 18:00:00,24.76,24.88,61,clear sky,5.52,0.0
St Malo,2026-06-23 21:00:00,21.98,22.11,72,few clouds,3.24,0.0
St Malo,2026-06-24 00:00:00,22.74,22.71,63,scattered clouds,0.55,0.0
St Malo,2026-06-24 03:00:00,21.5,21.43,66,scattered clouds,1.68,0.0
St Malo,2026-06-24 06:00:00,20.88,20.93,73,few clouds,3.84,0.0
St Malo,2026-06-24 09:00:00,28.01,28.37,49,few clouds,2.11,0.0
St Malo,2026-06-24 12:00:00,31.75,31.92,40,few clouds,5.16,0.0
St Malo,2026-06-24 15:00:00,30.61,31.14,45,broken clouds,7.52,0.0
St Malo,2026-06-24 18:00:00,29.1,29.32,46,broken clouds,8.07,0.0
St Malo,2026-06-24 21:00:00,24.13,24.11,58,light rain,5.31,1.0
St Malo,2026-06-25 00:00:00,25.51,25.5,53,light rain,7.34,0.34
St Malo,2026-06-25 03:00:00,21.86,21.82,66,overcast clouds,6.12,0.0
St Malo,2026-06-25 06:00:00,23.23,23.2,61,overcast clouds,3.98,0.0
St Malo,2026-06-25 09:00:00,30.51,30.17,39,overcast clouds,6.44,0.0
St Malo,2026-06-25 12:00:00,34.29,33.5,29,broken clouds,8.12,0.0
St Malo,2026-06-25 15:00:00,33.4,32.66,31,scattered clouds,7.23,0.0
St Malo,2026-06-25 18:00:00,27.43,27.7,48,scattered clouds,7.62,0.0
St Malo,2026-06-25 21:00:00,21.05,21.14,74,scattered clouds,1.43,0.0
St Malo,2026-06-26 00:00:00,17.68,17.85,90,scattered clouds,3.49,0.0
St Malo,2026-06-26 03:00:00,16.89,17.01,91,broken clouds,1.88,0.0
St Malo,2026-06-26 06:00:00,18.09,18.17,85,scattered clouds,2.99,0.0
St Malo,2026-06-26 09:00:00,22.47,22.34,60,clear sky,3.56,0.0
St Malo,2026-06-26 12:00:00,24.8,24.77,55,clear sky,2.71,0.0
St Malo,2026-06-26 15:00:00,22.32,22.28,64,clear sky,6.87,0.0
St Malo,2026-06-26 18:00:00,21.15,21.1,68,clear sky,4.48,0.0
St Malo,2026-06-26 21:00:00,18.11,18.09,81,clear sky,2.62,0.0
St Malo,2026-06-27 00:00:00,17.42,17.38,83,clear sky,1.53,0.0
St Malo,2026-06-27 03:00:00,16.97,16.84,81,clear sky,3.6,0.0
St Malo,2026-06-27 06:00:00,17.84,17.85,83,clear sky,4.4,0.0
St Malo,2026-06-27 09:00:00,20.89,20.84,69,scattered clouds,4.07,0.0
St Malo,2026-06-27 12:00:00,22.53,22.48,63,few clouds,4.43,0.0
Bayeux,2026-06-22 15:00:00,29.46,30.14,49,few clouds,7.88,0.0
Bayeux,2026-06-22 18:00:00,27.63,28.64,57,few clouds,7.15,0.0
Bayeux,2026-06-22 21:00:00,22.33,22.63,77,light rain,3.43,0.5
Bayeux,2026-06-23 00:00:00,20.76,20.95,79,scattered clouds,4.45,0.0
Bayeux,2026-06-23 03:00:00,20.0,19.86,69,clear sky,3.03,0.0
Bayeux,2026-06-23 06:00:00,23.22,23.32,66,clear sky,2.46,0.0
Bayeux,2026-06-23 09:00:00,31.08,30.47,36,clear sky,1.79,0.0
Bayeux,2026-06-23 12:00:00,34.75,33.76,27,scattered clouds,2.62,0.0
Bayeux,2026-06-23 15:00:00,32.64,32.14,34,clear sky,5.85,0.0
Bayeux,2026-06-23 18:00:00,27.62,28.36,54,clear sky,3.59,0.0
Bayeux,2026-06-23 21:00:00,25.85,25.72,47,clear sky,4.94,0.0
Bayeux,2026-06-24 00:00:00,24.7,24.48,48,few clouds,3.63,0.0
Bayeux,2026-06-24 03:00:00,20.97,20.95,70,clear sky,2.02,0.0
Bayeux,2026-06-24 06:00:00,25.33,25.25,51,clear sky,2.32,0.0
Bayeux,2026-06-24 09:00:00,34.21,33.39,29,scattered clouds,2.38,0.0
Bayeux,2026-06-24 12:00:00,33.74,33.29,32,scattered clouds,6.19,0.0
Bayeux,2026-06-24 15:00:00,31.56,31.06,36,few clouds,5.47,0.0
Bayeux,2026-06-24 18:00:00,27.03,27.32,48,scattered clouds,5.18,0.0
Bayeux,2026-06-24 21:00:00,22.15,22.17,67,light rain,2.27,0.11
Bayeux,2026-06-25 00:00:00,20.68,20.66,71,overcast clouds,2.04,0.0
Bayeux,2026-06-25 03:00:00,22.25,22.2,64,overcast clouds,3.73,0.0
Bayeux,2026-06-25 06:00:00,26.22,26.22,54,broken clouds,5.0,0.0
Bayeux,2026-06-25 09:00:00,35.49,35.39,30,scattered clouds,5.83,0.0
Bayeux,2026-06-25 12:00:00,39.6,39.11,21,scattered clouds,4.83,0.0
Bayeux,2026-06-25 15:00:00,40.29,39.18,18,scattered clouds,4.63,0.0
Bayeux,2026-06-25 18:00:00,38.9,37.37,18,scattered clouds,5.08,0.0
Bayeux,2026-06-25 21:00:00,27.97,28.0,45,overcast clouds,6.73,0.0
Bayeux,2026-06-26 00:00:00,19.94,20.21,85,light rain,5.65,0.39
Bayeux,2026-06-26 03:00:00,16.45,16.55,92,overcast clouds,6.01,0.0
Bayeux,2026-06-26 06:00:00,18.16,18.33,88,broken clouds,5.74,0.0
Bayeux,2026-06-26 09:00:00,26.21,26.21,46,scattered clouds,5.58,0.0
Bayeux,2026-06-26 12:00:00,30.16,28.9,30,scattered clouds,5.78,0.0
Bayeux,2026-06-26 15:00:00,27.12,27.11,43,clear sky,5.86,0.0
Bayeux,2026-06-26 18:00:00,20.73,20.56,65,clear sky,4.82,0.0
Bayeux,2026-06-26 21:00:00,16.58,16.62,89,clear sky,2.4,0.0
Bayeux,2026-06-27 00:00:00,17.4,17.31,81,scattered clouds,1.2,0.0
Bayeux,2026-06-27 03:00:00,15.93,15.88,88,clear sky,2.53,0.0
Bayeux,2026-06-27 06:00:00,20.14,19.88,64,clear sky,2.59,0.0
Bayeux,2026-06-27 09:00:00,24.56,24.38,50,scattered clouds,5.09,0.0
Bayeux,2026-06-27 12:00:00,27.16,27.15,43,scattered clouds,6.77,0.0
Le Havre,2026-06-22 15:00:00,29.53,30.52,51,scattered clouds,6.52,0.0
Le Havre,2026-06-22 18:00:00,28.94,30.08,54,few clouds,9.47,0.0
Le Havre,2026-06-22 21:00:00,23.14,23.29,68,clear sky,3.74,0.0
Le Havre,2026-06-23 00:00:00,22.17,22.22,68,light rain,4.79,0.35
Le Havre,2026-06-23 03:00:00,21.22,21.51,81,few clouds,3.7,0.0
Le Havre,2026-06-23 06:00:00,22.22,22.56,79,few clouds,4.34,0.0
Le Havre,2026-06-23 09:00:00,26.18,26.18,61,scattered clouds,1.51,0.0
Le Havre,2026-06-23 12:00:00,26.9,28.17,63,scattered clouds,4.29,0.0
Le Havre,2026-06-23 15:00:00,29.04,29.96,52,clear sky,5.93,0.0
Le Havre,2026-06-23 18:00:00,28.1,28.85,53,clear sky,4.6,0.0
Le Havre,2026-06-23 21:00:00,24.91,24.97,58,broken clouds,4.72,0.0
Le Havre,2026-06-24 00:00:00,23.14,23.21,65,broken clouds,2.88,0.0
Le Havre,2026-06-24 03:00:00,22.53,22.51,64,broken clouds,2.73,0.0
Le Havre,2026-06-24 06:00:00,23.4,23.28,57,broken clouds,3.54,0.0
Le Havre,2026-06-24 09:00:00,26.85,27.34,51,overcast clouds,1.24,0.0
Le Havre,2026-06-24 12:00:00,25.34,25.55,62,broken clouds,5.66,0.0
Le Havre,2026-06-24 15:00:00,27.61,28.18,52,scattered clouds,6.73,0.0
Le Havre,2026-06-24 18:00:00,28.68,28.74,45,few clouds,6.71,0.0
Le Havre,2026-06-24 21:00:00,26.55,26.55,48,overcast clouds,4.72,0.0
Le Havre,2026-06-25 00:00:00,24.07,24.18,63,overcast clouds,3.57,0.0
Le Havre,2026-06-25 03:00:00,23.84,24.06,68,broken clouds,3.64,0.0
Le Havre,2026-06-25 06:00:00,24.92,25.3,70,scattered clouds,4.61,0.0
Le Havre,2026-06-25 09:00:00,29.86,30.27,46,clear sky,4.3,0.0
Le Havre,2026-06-25 12:00:00,31.22,31.51,42,clear sky,1.21,0.0
Le Havre,2026-06-25 15:00:00,31.6,32.05,42,clear sky,2.92,0.0
Le Havre,2026-06-25 18:00:00,34.21,33.57,30,few clouds,7.07,0.0
Le Havre,2026-06-25 21:00:00,24.29,24.45,64,broken clouds,0.85,0.0
Le Havre,2026-06-26 00:00:00,22.43,22.56,70,light rain,4.32,0.73
Le Havre,2026-06-26 03:00:00,18.62,18.86,89,scattered clouds,4.84,0.0
Le Havre,2026-06-26 06:00:00,17.87,18.01,88,scattered clouds,4.79,0.0
Le Havre,2026-06-26 09:00:00,19.01,19.19,85,scattered clouds,3.26,0.0
Le Havre,2026-06-26 12:00:00,20.24,20.38,79,broken clouds,2.82,0.0
Le Havre,2026-06-26 15:00:00,20.2,20.29,77,broken clouds,6.37,0.0
Le Havre,2026-06-26 18:00:00,21.28,21.21,67,scattered clouds,5.7,0.0
Le Havre,2026-06-26 21:00:00,19.19,19.1,74,clear sky,3.85,0.0
Le Havre,2026-06-27 00:00:00,19.1,19.05,76,scattered clouds,1.97,0.0
Le Havre,2026-06-27 03:00:00,18.57,18.49,77,scattered clouds,2.74,0.0
Le Havre,2026-06-27 06:00:00,19.41,19.26,71,few clouds,1.91,0.0
Le Havre,2026-06-27 09:00:00,20.26,20.17,70,broken clouds,3.5,0.0
Le Havre,2026-06-27 12:00:00,20.57,20.64,75,broken clouds,5.34,0.0
Rouen,2026-06-22 15:00:00,35.35,37.26,38,clear sky,6.4,0.0
Rouen,2026-06-22 18:00:00,29.07,31.31,61,light rain,6.04,0.96
Rouen,2026-06-22 21:00:00,22.03,22.14,71,overcast clouds,4.23,0.0
Rouen,2026-06-23 00:00:00,21.53,21.98,86,overcast clouds,1.61,0.0
Rouen,2026-06-23 03:00:00,20.4,20.85,90,scattered clouds,2.23,0.0
Rouen,2026-06-23 06:00:00,27.24,29.56,73,scattered clouds,2.75,0.0
Rouen,2026-06-23 09:00:00,31.26,31.25,40,few clouds,3.33,0.0
Rouen,2026-06-23 12:00:00,35.72,34.49,24,scattered clouds,3.14,0.0
Rouen,2026-06-23 15:00:00,37.6,36.15,20,broken clouds,3.42,0.0
Rouen,2026-06-23 18:00:00,35.13,34.26,27,scattered clouds,2.09,0.0
Rouen,2026-06-23 21:00:00,27.23,27.26,44,light rain,3.85,0.17
Rouen,2026-06-24 00:00:00,23.94,23.85,56,overcast clouds,1.41,0.0
Rouen,2026-06-24 03:00:00,23.35,23.23,57,overcast clouds,2.17,0.0
Rouen,2026-06-24 06:00:00,29.05,29.85,51,overcast clouds,1.46,0.0
Rouen,2026-06-24 09:00:00,34.31,33.89,31,broken clouds,2.39,0.0
Rouen,2026-06-24 12:00:00,40.63,40.28,20,scattered clouds,0.62,0.0
Rouen,2026-06-24 15:00:00,40.48,40.06,20,clear sky,5.64,0.0
Rouen,2026-06-24 18:00:00,36.43,36.57,29,clear sky,4.82,0.0
Rouen,2026-06-24 21:00:00,27.79,28.3,51,broken clouds,1.65,0.0
Rouen,2026-06-25 00:00:00,26.27,26.27,59,scattered clouds,3.69,0.0
Rouen,2026-06-25 03:00:00,24.54,24.98,74,scattered clouds,2.98,0.0
Rouen,2026-06-25 06:00:00,28.26,29.6,58,scattered clouds,4.54,0.0
Rouen,2026-06-25 09:00:00,35.89,35.99,30,few clouds,5.42,0.0
Rouen,2026-06-25 12:00:00,39.77,39.35,21,few clouds,6.38,0.0
Rouen,2026-06-25 15:00:00,40.87,39.65,17,clear sky,6.28,0.0
Rouen,2026-06-25 18:00:00,39.3,37.63,17,clear sky,6.47,0.0
Rouen,2026-06-25 21:00:00,31.54,31.8,41,broken clouds,7.69,0.0
Rouen,2026-06-26 00:00:00,26.51,26.51,58,scattered clouds,1.6,0.0
Rouen,2026-06-26 03:00:00,22.11,22.15,68,clear sky,4.72,0.0
Rouen,2026-06-26 06:00:00,21.1,21.17,73,few clouds,3.82,0.0
Rouen,2026-06-26 09:00:00,27.87,27.76,43,clear sky,4.64,0.0
Rouen,2026-06-26 12:00:00,31.79,30.58,30,clear sky,5.18,0.0
Rouen,2026-06-26 15:00:00,33.33,31.99,27,clear sky,4.98,0.0
Rouen,2026-06-26 18:00:00,26.56,26.56,43,clear sky,6.56,0.0
Rouen,2026-06-26 21:00:00,19.26,18.89,63,few clouds,2.82,0.0
Rouen,2026-06-27 00:00:00,18.09,17.7,67,scattered clouds,2.49,0.0
Rouen,2026-06-27 03:00:00,18.56,18.27,69,scattered clouds,2.19,0.0
Rouen,2026-06-27 06:00:00,21.89,21.6,56,broken clouds,1.67,0.0
Rouen,2026-06-27 09:00:00,27.62,27.17,37,overcast clouds,3.3,0.0
Rouen,2026-06-27 12:00:00,30.66,29.66,33,overcast clouds,5.18,0.0
Paris,2026-06-22 15:00:00,37.62,39.12,31,few clouds,4.14,0.0
Paris,2026-06-22 18:00:00,33.39,33.35,35,light rain,1.61,0.27
Paris,2026-06-22 21:00:00,27.33,28.77,63,light rain,3.01,1.06
Paris,2026-06-23 00:00:00,25.81,26.09,63,overcast clouds,2.47,0.0
Paris,2026-06-23 03:00:00,23.66,23.88,69,scattered clouds,1.45,0.0
Paris,2026-06-23 06:00:00,26.91,27.9,59,few clouds,1.69,0.0
Paris,2026-06-23 09:00:00,31.0,30.38,36,scattered clouds,2.04,0.0
Paris,2026-06-23 12:00:00,37.55,36.29,21,scattered clouds,2.01,0.0
Paris,2026-06-23 15:00:00,39.06,37.57,18,scattered clouds,2.46,0.0
Paris,2026-06-23 18:00:00,37.35,36.03,21,broken clouds,3.83,0.0
Paris,2026-06-23 21:00:00,31.84,31.13,34,clear sky,3.14,0.0
Paris,2026-06-24 00:00:00,28.97,28.96,44,few clouds,1.7,0.0
Paris,2026-06-24 03:00:00,26.76,27.31,52,broken clouds,0.33,0.0
Paris,2026-06-24 06:00:00,28.58,28.82,47,broken clouds,2.37,0.0
Paris,2026-06-24 09:00:00,35.07,34.37,28,clear sky,1.81,0.0
Paris,2026-06-24 12:00:00,40.22,39.38,19,clear sky,1.46,0.0
Paris,2026-06-24 15:00:00,41.49,40.14,16,clear sky,1.61,0.0
Paris,2026-06-24 18:00:00,36.37,35.77,26,light rain,4.42,0.11
Paris,2026-06-24 21:00:00,34.15,33.49,30,overcast clouds,3.0,0.0
Paris,2026-06-25 00:00:00,30.1,30.88,48,broken clouds,2.87,0.0
Paris,2026-06-25 03:00:00,28.29,29.53,57,broken clouds,2.26,0.0
Paris,2026-06-25 06:00:00,28.8,28.87,45,broken clouds,2.63,0.0
Paris,2026-06-25 09:00:00,35.5,34.97,28,overcast clouds,3.32,0.0
Paris,2026-06-25 12:00:00,39.32,38.16,19,broken clouds,4.98,0.0
Paris,2026-06-25 15:00:00,40.14,38.7,17,broken clouds,4.1,0.0
Paris,2026-06-25 18:00:00,39.15,38.19,20,broken clouds,5.28,0.0
Paris,2026-06-25 21:00:00,33.14,33.58,38,scattered clouds,5.25,0.0
Paris,2026-06-26 00:00:00,30.26,30.25,42,few clouds,2.68,0.0
Paris,2026-06-26 03:00:00,28.31,28.09,42,clear sky,0.98,0.0
Paris,2026-06-26 06:00:00,26.69,27.19,51,clear sky,4.99,0.0
Paris,2026-06-26 09:00:00,27.22,27.5,48,overcast clouds,2.82,0.0
Paris,2026-06-26 12:00:00,34.91,33.63,25,broken clouds,2.61,0.0
Paris,2026-06-26 15:00:00,37.3,35.97,21,clear sky,2.23,0.0
Paris,2026-06-26 18:00:00,34.69,33.51,26,clear sky,5.37,0.0
Paris,2026-06-26 21:00:00,26.94,26.77,39,few clouds,4.35,0.0
Paris,2026-06-27 00:00:00,24.13,23.72,43,clear sky,3.4,0.0
Paris,2026-06-27 03:00:00,23.18,22.7,44,clear sky,2.08,0.0
Paris,2026-06-27 06:00:00,24.51,24.06,40,few clouds,1.83,0.0
Paris,2026-06-27 09:00:00,28.7,27.93,35,overcast clouds,2.25,0.0
Paris,2026-06-27 12:00:00,31.89,31.33,35,light rain,2.37,0.72
Amiens,2026-06-22 15:00:00,29.73,31.44,55,scattered clouds,4.33,0.0
Amiens,2026-06-22 18:00:00,28.74,30.46,59,scattered clouds,4.86,0.0
Amiens,2026-06-22 21:00:00,23.03,23.5,81,overcast clouds,2.67,0.0
Amiens,2026-06-23 00:00:00,20.58,20.94,86,broken clouds,3.8,0.0
Amiens,2026-06-23 03:00:00,19.02,19.3,89,scattered clouds,2.5,0.0
Amiens,2026-06-23 06:00:00,23.26,23.63,76,scattered clouds,2.68,0.0
Amiens,2026-06-23 09:00:00,29.22,30.49,54,few clouds,3.35,0.0
Amiens,2026-06-23 12:00:00,32.95,33.5,39,scattered clouds,3.33,0.0
Amiens,2026-06-23 15:00:00,34.05,34.33,35,scattered clouds,2.92,0.0
Amiens,2026-06-23 18:00:00,31.46,33.84,52,scattered clouds,4.22,0.0
Amiens,2026-06-23 21:00:00,25.68,26.08,68,clear sky,3.18,0.0
Amiens,2026-06-24 00:00:00,23.33,23.52,69,few clouds,2.34,0.0
Amiens,2026-06-24 03:00:00,21.88,22.03,73,light rain,0.62,0.3
Amiens,2026-06-24 06:00:00,25.98,25.98,74,broken clouds,2.26,0.0
Amiens,2026-06-24 09:00:00,32.78,33.24,39,clear sky,2.79,0.0
Amiens,2026-06-24 12:00:00,37.39,37.81,28,clear sky,0.8,0.0
Amiens,2026-06-24 15:00:00,38.02,38.22,26,clear sky,3.26,0.0
Amiens,2026-06-24 18:00:00,33.48,36.1,46,clear sky,5.15,0.0
Amiens,2026-06-24 21:00:00,26.36,26.36,69,clear sky,1.7,0.0
Amiens,2026-06-25 00:00:00,24.6,24.97,71,clear sky,2.65,0.0
Amiens,2026-06-25 03:00:00,23.45,23.84,76,clear sky,3.03,0.0
Amiens,2026-06-25 06:00:00,25.88,26.22,65,broken clouds,3.57,0.0
Amiens,2026-06-25 09:00:00,31.27,32.67,48,overcast clouds,4.64,0.0
Amiens,2026-06-25 12:00:00,36.26,37.68,34,overcast clouds,5.86,0.0
Amiens,2026-06-25 15:00:00,36.54,37.57,32,few clouds,7.04,0.0
Amiens,2026-06-25 18:00:00,33.3,34.73,42,scattered clouds,5.49,0.0
Amiens,2026-06-25 21:00:00,28.33,30.2,62,scattered clouds,6.05,0.0
Amiens,2026-06-26 00:00:00,26.92,27.59,54,scattered clouds,5.39,0.0
Amiens,2026-06-26 03:00:00,22.32,22.41,69,clear sky,2.37,0.0
Amiens,2026-06-26 06:00:00,21.69,21.77,71,clear sky,5.67,0.0
Amiens,2026-06-26 09:00:00,26.87,27.3,50,scattered clouds,6.01,0.0
Amiens,2026-06-26 12:00:00,29.42,29.04,40,few clouds,6.63,0.0
Amiens,2026-06-26 15:00:00,29.13,28.4,36,clear sky,5.91,0.0
Amiens,2026-06-26 18:00:00,24.98,24.76,47,clear sky,5.5,0.0
Amiens,2026-06-26 21:00:00,18.13,17.83,70,clear sky,2.78,0.0
Amiens,2026-06-27 00:00:00,17.49,17.07,68,clear sky,1.92,0.0
Amiens,2026-06-27 03:00:00,17.43,17.0,68,clear sky,2.82,0.0
Amiens,2026-06-27 06:00:00,19.73,19.72,75,light rain,2.47,0.56
Amiens,2026-06-27 09:00:00,27.18,27.16,43,overcast clouds,1.38,0.0
Amiens,2026-06-27 12:00:00,25.5,25.72,62,light rain,2.23,0.78
Lille,2026-06-22 15:00:00,31.27,34.66,57,broken clouds,4.01,0.0
Lille,2026-06-22 18:00:00,29.36,31.16,57,broken clouds,3.6,0.0
Lille,2026-06-22 21:00:00,23.35,23.59,71,scattered clouds,3.14,0.0
Lille,2026-06-23 00:00:00,20.0,20.04,76,scattered clouds,3.63,0.0
Lille,2026-06-23 03:00:00,18.8,18.93,84,broken clouds,2.62,0.0
Lille,2026-06-23 06:00:00,22.9,23.2,75,scattered clouds,2.88,0.0
Lille,2026-06-23 09:00:00,30.35,31.75,51,scattered clouds,3.22,0.0
Lille,2026-06-23 12:00:00,33.69,34.21,37,few clouds,3.16,0.0
Lille,2026-06-23 15:00:00,33.82,33.59,33,scattered clouds,2.33,0.0
Lille,2026-06-23 18:00:00,32.08,32.58,41,scattered clouds,2.61,0.0
Lille,2026-06-23 21:00:00,26.41,26.41,60,broken clouds,2.94,0.0
Lille,2026-06-24 00:00:00,23.67,23.92,70,broken clouds,2.21,0.0
Lille,2026-06-24 03:00:00,22.68,22.94,74,scattered clouds,1.93,0.0
Lille,2026-06-24 06:00:00,27.05,28.61,66,few clouds,2.99,0.0
Lille,2026-06-24 09:00:00,32.3,33.31,43,few clouds,2.08,0.0
Lille,2026-06-24 12:00:00,35.92,36.55,32,few clouds,1.61,0.0
Lille,2026-06-24 15:00:00,37.64,38.21,28,clear sky,0.73,0.0
Lille,2026-06-24 18:00:00,33.87,35.99,43,clear sky,3.75,0.0
Lille,2026-06-24 21:00:00,28.42,30.09,60,clear sky,4.12,0.0
Lille,2026-06-25 00:00:00,26.2,26.2,67,clear sky,3.15,0.0
Lille,2026-06-25 03:00:00,24.56,24.93,71,clear sky,3.13,0.0
Lille,2026-06-25 06:00:00,26.37,26.37,64,few clouds,4.16,0.0
Lille,2026-06-25 09:00:00,31.55,33.34,49,overcast clouds,5.22,0.0
Lille,2026-06-25 12:00:00,35.03,36.98,39,overcast clouds,5.38,0.0
Lille,2026-06-25 15:00:00,35.91,36.8,33,overcast clouds,5.53,0.0
Lille,2026-06-25 18:00:00,33.01,34.02,41,overcast clouds,4.94,0.0
Lille,2026-06-25 21:00:00,28.23,28.71,50,scattered clouds,4.96,0.0
Lille,2026-06-26 00:00:00,26.45,26.45,54,few clouds,4.31,0.0
Lille,2026-06-26 03:00:00,25.3,25.3,54,clear sky,3.54,0.0
Lille,2026-06-26 06:00:00,27.37,27.85,51,clear sky,3.05,0.0
Lille,2026-06-26 09:00:00,29.14,29.48,47,scattered clouds,3.68,0.0
Lille,2026-06-26 12:00:00,31.74,31.14,35,scattered clouds,5.23,0.0
Lille,2026-06-26 15:00:00,31.49,30.25,30,clear sky,5.6,0.0
Lille,2026-06-26 18:00:00,27.73,27.26,37,clear sky,5.13,0.0
Lille,2026-06-26 21:00:00,21.65,21.18,50,clear sky,2.92,0.0
Lille,2026-06-27 00:00:00,20.49,19.95,52,clear sky,1.39,0.0
Lille,2026-06-27 03:00:00,20.14,19.59,53,clear sky,1.23,0.0
Lille,2026-06-27 06:00:00,22.65,22.33,52,scattered clouds,2.34,0.0
Lille,2026-06-27 09:00:00,27.85,27.47,39,overcast clouds,0.75,0.0
Lille,2026-06-27 12:00:00,26.31,26.31,54,light rain,2.29,0.51
Strasbourg,2026-06-22 15:00:00,34.23,34.61,35,few clouds,1.73,0.0
Strasbourg,2026-06-22 18:00:00,33.6,36.04,45,scattered clouds,6.23,0.0
Strasbourg,2026-06-22 21:00:00,24.53,25.0,75,light rain,1.04,0.21
Strasbourg,2026-06-23 00:00:00,22.14,22.55,82,scattered clouds,0.85,0.0
Strasbourg,2026-06-23 03:00:00,19.7,20.0,87,scattered clouds,1.53,0.0
Strasbourg,2026-06-23 06:00:00,25.1,25.55,72,few clouds,1.77,0.0
Strasbourg,2026-06-23 09:00:00,30.84,31.98,48,clear sky,3.38,0.0
Strasbourg,2026-06-23 12:00:00,34.28,34.05,32,scattered clouds,3.53,0.0
Strasbourg,2026-06-23 15:00:00,34.38,33.28,27,broken clouds,4.26,0.0
Strasbourg,2026-06-23 18:00:00,34.23,35.31,38,broken clouds,3.08,0.0
Strasbourg,2026-06-23 21:00:00,26.3,26.3,60,clear sky,1.44,0.0
Strasbourg,2026-06-24 00:00:00,23.87,24.09,68,few clouds,1.09,0.0
Strasbourg,2026-06-24 03:00:00,21.4,21.58,76,clear sky,0.89,0.0
Strasbourg,2026-06-24 06:00:00,26.17,26.17,63,clear sky,1.4,0.0
Strasbourg,2026-06-24 09:00:00,31.28,31.76,43,clear sky,1.93,0.0
Strasbourg,2026-06-24 12:00:00,35.49,35.39,30,clear sky,3.25,0.0
Strasbourg,2026-06-24 15:00:00,36.83,35.97,24,clear sky,4.73,0.0
Strasbourg,2026-06-24 18:00:00,33.81,33.38,32,clear sky,3.76,0.0
Strasbourg,2026-06-24 21:00:00,26.41,26.41,56,scattered clouds,1.24,0.0
Strasbourg,2026-06-25 00:00:00,24.54,24.67,62,broken clouds,1.32,0.0
Strasbourg,2026-06-25 03:00:00,22.69,22.79,68,overcast clouds,1.82,0.0
Strasbourg,2026-06-25 06:00:00,25.91,26.1,59,broken clouds,1.42,0.0
Strasbourg,2026-06-25 09:00:00,32.55,32.89,39,clear sky,2.5,0.0
Strasbourg,2026-06-25 12:00:00,36.86,36.47,26,few clouds,3.84,0.0
Strasbourg,2026-06-25 15:00:00,37.03,36.48,25,scattered clouds,4.01,0.0
Strasbourg,2026-06-25 18:00:00,33.88,34.07,35,scattered clouds,4.0,0.0
Strasbourg,2026-06-25 21:00:00,26.86,27.65,56,broken clouds,2.37,0.0
Strasbourg,2026-06-26 00:00:00,24.23,24.43,66,overcast clouds,1.52,0.0
Strasbourg,2026-06-26 03:00:00,21.92,22.05,72,overcast clouds,0.84,0.0
Strasbourg,2026-06-26 06:00:00,25.72,25.84,57,broken clouds,1.2,0.0
Strasbourg,2026-06-26 09:00:00,32.44,31.88,34,scattered clouds,2.37,0.0
Strasbourg,2026-06-26 12:00:00,37.04,36.74,26,broken clouds,2.11,0.0
Strasbourg,2026-06-26 15:00:00,38.23,37.97,24,broken clouds,3.52,0.0
Strasbourg,2026-06-26 18:00:00,35.92,35.35,27,scattered clouds,3.39,0.0
Strasbourg,2026-06-26 21:00:00,27.61,28.03,50,few clouds,1.45,0.0
Strasbourg,2026-06-27 00:00:00,25.09,25.22,60,few clouds,1.2,0.0
Strasbourg,2026-06-27 03:00:00,23.61,23.75,66,scattered clouds,0.8,0.0
Strasbourg,2026-06-27 06:00:00,27.34,28.04,54,few clouds,0.17,0.0
Strasbourg,2026-06-27 09:00:00,34.43,34.92,35,few clouds,1.38,0.0
Strasbourg,2026-06-27 12:00:00,39.15,39.69,25,few clouds,2.7,0.0
Chateau Du Haut Koenigsbourg,2026-06-22 15:00:00,32.15,31.66,35,clear sky,4.21,0.0
Chateau Du Haut Koenigsbourg,2026-06-22 18:00:00,31.61,32.62,45,few clouds,0.87,0.0
Chateau Du Haut Koenigsbourg,2026-06-22 21:00:00,21.99,22.2,75,few clouds,1.29,0.0
Chateau Du Haut Koenigsbourg,2026-06-23 00:00:00,19.32,19.53,85,scattered clouds,0.12,0.0
Chateau Du Haut Koenigsbourg,2026-06-23 03:00:00,16.78,16.76,86,broken clouds,0.82,0.0
Chateau Du Haut Koenigsbourg,2026-06-23 06:00:00,22.37,22.65,76,scattered clouds,1.06,0.0
Chateau Du Haut Koenigsbourg,2026-06-23 09:00:00,28.11,28.48,49,clear sky,2.43,0.0
Chateau Du Haut Koenigsbourg,2026-06-23 12:00:00,31.43,30.52,33,scattered clouds,2.71,0.0
Chateau Du Haut Koenigsbourg,2026-06-23 15:00:00,31.56,30.13,28,few clouds,3.29,0.0
Chateau Du Haut Koenigsbourg,2026-06-23 18:00:00,31.85,33.42,47,few clouds,2.55,0.0
Chateau Du Haut Koenigsbourg,2026-06-23 21:00:00,23.68,23.64,59,clear sky,1.83,0.0
Chateau Du Haut Koenigsbourg,2026-06-24 00:00:00,21.04,20.9,65,few clouds,1.48,0.0
Chateau Du Haut Koenigsbourg,2026-06-24 03:00:00,18.46,18.32,75,scattered clouds,1.29,0.0
Chateau Du Haut Koenigsbourg,2026-06-24 06:00:00,23.3,23.41,66,few clouds,1.1,0.0
Chateau Du Haut Koenigsbourg,2026-06-24 09:00:00,28.34,28.37,45,clear sky,2.15,0.0
Chateau Du Haut Koenigsbourg,2026-06-24 12:00:00,32.19,31.16,31,clear sky,3.27,0.0
Chateau Du Haut Koenigsbourg,2026-06-24 15:00:00,33.19,32.09,29,clear sky,3.26,0.0
Chateau Du Haut Koenigsbourg,2026-06-24 18:00:00,28.58,28.63,45,scattered clouds,2.32,0.0
Chateau Du Haut Koenigsbourg,2026-06-24 21:00:00,22.52,22.42,61,broken clouds,1.49,0.0
Chateau Du Haut Koenigsbourg,2026-06-25 00:00:00,21.49,21.42,66,broken clouds,1.34,0.0
Chateau Du Haut Koenigsbourg,2026-06-25 03:00:00,19.7,19.71,76,overcast clouds,1.34,0.0
Chateau Du Haut Koenigsbourg,2026-06-25 06:00:00,23.59,23.65,63,broken clouds,1.43,0.0
Chateau Du Haut Koenigsbourg,2026-06-25 09:00:00,29.13,28.93,42,clear sky,3.19,0.0
Chateau Du Haut Koenigsbourg,2026-06-25 12:00:00,33.04,31.78,28,clear sky,3.7,0.0
Chateau Du Haut Koenigsbourg,2026-06-25 15:00:00,33.38,31.92,26,scattered clouds,4.02,0.0
Chateau Du Haut Koenigsbourg,2026-06-25 18:00:00,29.02,28.91,43,scattered clouds,2.62,0.0
Chateau Du Haut Koenigsbourg,2026-06-25 21:00:00,22.57,22.5,62,overcast clouds,1.3,0.0
Chateau Du Haut Koenigsbourg,2026-06-26 00:00:00,20.92,20.9,70,overcast clouds,0.74,0.0
Chateau Du Haut Koenigsbourg,2026-06-26 03:00:00,19.01,19.0,78,scattered clouds,0.52,0.0
Chateau Du Haut Koenigsbourg,2026-06-26 06:00:00,23.57,23.63,63,scattered clouds,0.92,0.0
Chateau Du Haut Koenigsbourg,2026-06-26 09:00:00,29.58,29.32,41,few clouds,2.22,0.0
Chateau Du Haut Koenigsbourg,2026-06-26 12:00:00,34.12,33.27,29,scattered clouds,2.98,0.0
Chateau Du Haut Koenigsbourg,2026-06-26 15:00:00,35.98,35.22,26,few clouds,1.71,0.0
Chateau Du Haut Koenigsbourg,2026-06-26 18:00:00,30.52,30.58,42,scattered clouds,1.06,0.0
Chateau Du Haut Koenigsbourg,2026-06-26 21:00:00,24.35,24.28,55,clear sky,1.74,0.0
Chateau Du Haut Koenigsbourg,2026-06-27 00:00:00,22.93,22.82,59,few clouds,1.09,0.0
Chateau Du Haut Koenigsbourg,2026-06-27 03:00:00,20.83,20.74,68,broken clouds,0.51,0.0
Chateau Du Haut Koenigsbourg,2026-06-27 06:00:00,25.39,25.5,58,scattered clouds,0.8,0.0
Chateau Du Haut Koenigsbourg,2026-06-27 09:00:00,31.93,31.84,38,few clouds,1.84,0.0
Chateau Du Haut Koenigsbourg,2026-06-27 12:00:00,35.88,35.51,28,scattered clouds,1.64,0.0
Colmar,2026-06-22 15:00:00,34.5,34.8,34,clear sky,5.39,0.0
Colmar,2026-06-22 18:00:00,34.13,36.76,44,scattered clouds,0.35,0.0
Colmar,2026-06-22 21:00:00,24.51,24.92,73,scattered clouds,1.52,0.0
Colmar,2026-06-23 00:00:00,21.7,22.12,84,scattered clouds,0.91,0.0
Colmar,2026-06-23 03:00:00,19.17,19.36,85,overcast clouds,1.34,0.0
Colmar,2026-06-23 06:00:00,24.9,25.43,76,broken clouds,1.25,0.0
Colmar,2026-06-23 09:00:00,30.55,31.89,50,clear sky,2.62,0.0
Colmar,2026-06-23 12:00:00,33.91,33.91,34,scattered clouds,2.84,0.0
Colmar,2026-06-23 15:00:00,34.03,32.69,26,few clouds,3.63,0.0
Colmar,2026-06-23 18:00:00,34.55,37.9,45,few clouds,3.19,0.0
Colmar,2026-06-23 21:00:00,26.29,26.29,57,clear sky,2.76,0.0
Colmar,2026-06-24 00:00:00,23.48,23.53,63,few clouds,1.94,0.0
Colmar,2026-06-24 03:00:00,20.89,20.94,73,scattered clouds,1.79,0.0
Colmar,2026-06-24 06:00:00,25.74,26.09,66,few clouds,1.54,0.0
Colmar,2026-06-24 09:00:00,30.44,31.06,46,clear sky,2.43,0.0
Colmar,2026-06-24 12:00:00,34.54,34.64,33,clear sky,3.37,0.0
Colmar,2026-06-24 15:00:00,35.45,35.33,30,clear sky,3.57,0.0
Colmar,2026-06-24 18:00:00,30.94,31.61,45,scattered clouds,2.62,0.0
Colmar,2026-06-24 21:00:00,25.55,25.65,57,overcast clouds,2.4,0.0
Colmar,2026-06-25 00:00:00,23.66,23.8,66,overcast clouds,1.85,0.0
Colmar,2026-06-25 03:00:00,22.08,22.3,75,overcast clouds,2.04,0.0
Colmar,2026-06-25 06:00:00,25.61,25.9,64,broken clouds,2.19,0.0
Colmar,2026-06-25 09:00:00,31.09,31.83,45,clear sky,2.75,0.0
Colmar,2026-06-25 12:00:00,35.36,34.77,28,clear sky,3.45,0.0
Colmar,2026-06-25 15:00:00,35.81,35.2,27,scattered clouds,4.38,0.0
Colmar,2026-06-25 18:00:00,31.3,31.97,44,broken clouds,2.64,0.0
Colmar,2026-06-25 21:00:00,25.41,25.6,61,overcast clouds,2.19,0.0
Colmar,2026-06-26 00:00:00,23.42,23.51,65,overcast clouds,1.37,0.0
Colmar,2026-06-26 03:00:00,21.86,21.98,72,scattered clouds,1.24,0.0
Colmar,2026-06-26 06:00:00,26.08,26.08,60,scattered clouds,0.96,0.0
Colmar,2026-06-26 09:00:00,32.23,32.8,41,few clouds,2.43,0.0
Colmar,2026-06-26 12:00:00,37.07,37.04,27,few clouds,2.29,0.0
Colmar,2026-06-26 15:00:00,38.44,38.58,25,clear sky,1.22,0.0
Colmar,2026-06-26 18:00:00,33.65,35.33,42,few clouds,1.31,0.0
Colmar,2026-06-26 21:00:00,27.68,28.35,53,clear sky,2.41,0.0
Colmar,2026-06-27 00:00:00,25.59,25.69,57,few clouds,1.32,0.0
Colmar,2026-06-27 03:00:00,23.46,23.56,65,broken clouds,1.08,0.0
Colmar,2026-06-27 06:00:00,27.94,28.75,54,scattered clouds,1.37,0.0
Colmar,2026-06-27 09:00:00,34.09,34.84,37,broken clouds,2.17,0.0
Colmar,2026-06-27 12:00:00,38.83,39.84,27,broken clouds,1.87,0.0
Eguisheim,2026-06-22 15:00:00,34.33,34.32,33,clear sky,5.45,0.0
Eguisheim,2026-06-22 18:00:00,33.87,36.27,44,scattered clouds,0.24,0.0
Eguisheim,2026-06-22 21:00:00,24.18,24.51,71,scattered clouds,1.57,0.0
Eguisheim,2026-06-23 00:00:00,21.34,21.64,81,scattered clouds,1.0,0.0
Eguisheim,2026-06-23 03:00:00,18.8,18.88,82,overcast clouds,1.35,0.0
Eguisheim,2026-06-23 06:00:00,24.57,25.04,75,broken clouds,1.29,0.0
Eguisheim,2026-06-23 09:00:00,30.21,31.36,50,clear sky,2.59,0.0
Eguisheim,2026-06-23 12:00:00,33.57,33.61,35,scattered clouds,2.9,0.0
Eguisheim,2026-06-23 15:00:00,33.64,32.23,26,few clouds,3.7,0.0
Eguisheim,2026-06-23 18:00:00,34.22,37.24,45,few clouds,3.28,0.0
Eguisheim,2026-06-23 21:00:00,25.98,25.98,56,clear sky,2.69,0.0
Eguisheim,2026-06-24 00:00:00,23.17,23.16,62,few clouds,1.95,0.0
Eguisheim,2026-06-24 03:00:00,20.58,20.55,71,scattered clouds,1.79,0.0
Eguisheim,2026-06-24 06:00:00,25.41,25.7,65,few clouds,1.62,0.0
Eguisheim,2026-06-24 09:00:00,30.16,30.67,46,clear sky,2.46,0.0
Eguisheim,2026-06-24 12:00:00,34.15,34.06,33,clear sky,3.52,0.0
Eguisheim,2026-06-24 15:00:00,35.08,34.79,30,clear sky,3.76,0.0
Eguisheim,2026-06-24 18:00:00,30.74,31.17,44,scattered clouds,2.66,0.0
Eguisheim,2026-06-24 21:00:00,25.43,25.49,56,overcast clouds,2.4,0.0
Eguisheim,2026-06-25 00:00:00,23.42,23.51,65,overcast clouds,1.86,0.0
Eguisheim,2026-06-25 03:00:00,21.94,22.12,74,overcast clouds,2.07,0.0
Eguisheim,2026-06-25 06:00:00,25.29,25.57,65,broken clouds,2.28,0.0
Eguisheim,2026-06-25 09:00:00,30.76,31.19,44,clear sky,2.53,0.0
Eguisheim,2026-06-25 12:00:00,34.98,34.44,29,clear sky,3.34,0.0
Eguisheim,2026-06-25 15:00:00,35.54,34.82,27,scattered clouds,4.49,0.0
Eguisheim,2026-06-25 18:00:00,31.01,31.38,43,broken clouds,2.8,0.0
Eguisheim,2026-06-25 21:00:00,25.32,25.47,60,overcast clouds,2.13,0.0
Eguisheim,2026-06-26 00:00:00,23.34,23.37,63,overcast clouds,1.49,0.0
Eguisheim,2026-06-26 03:00:00,21.93,21.95,68,scattered clouds,1.28,0.0
Eguisheim,2026-06-26 06:00:00,26.01,26.01,59,scattered clouds,1.03,0.0
Eguisheim,2026-06-26 09:00:00,32.05,32.53,41,few clouds,2.26,0.0
Eguisheim,2026-06-26 12:00:00,36.8,36.39,26,scattered clouds,1.85,0.0
Eguisheim,2026-06-26 15:00:00,38.06,37.99,25,clear sky,0.24,0.0
Eguisheim,2026-06-26 18:00:00,33.35,34.81,42,few clouds,0.96,0.0
Eguisheim,2026-06-26 21:00:00,27.69,28.19,51,clear sky,2.3,0.0
Eguisheim,2026-06-27 00:00:00,25.56,25.61,55,scattered clouds,1.31,0.0
Eguisheim,2026-06-27 03:00:00,23.44,23.46,62,broken clouds,1.02,0.0
Eguisheim,2026-06-27 06:00:00,27.62,28.36,54,scattered clouds,1.45,0.0
Eguisheim,2026-06-27 09:00:00,33.68,34.2,37,overcast clouds,1.98,0.0
Eguisheim,2026-06-27 12:00:00,38.53,39.34,27,overcast clouds,1.4,0.0
Besancon,2026-06-22 15:00:00,35.59,35.31,29,few clouds,2.48,0.0
Besancon,2026-06-22 18:00:00,33.69,35.67,43,clear sky,1.92,0.0
Besancon,2026-06-22 21:00:00,23.48,23.48,61,scattered clouds,1.58,0.0
Besancon,2026-06-23 00:00:00,20.33,20.09,64,few clouds,1.48,0.0
Besancon,2026-06-23 03:00:00,18.67,18.26,64,broken clouds,1.77,0.0
Besancon,2026-06-23 06:00:00,25.35,25.64,65,broken clouds,1.05,0.0
Besancon,2026-06-23 09:00:00,30.68,30.78,42,scattered clouds,2.28,0.0
Besancon,2026-06-23 12:00:00,34.76,34.14,29,few clouds,3.52,0.0
Besancon,2026-06-23 15:00:00,35.16,34.49,28,few clouds,3.39,0.0
Besancon,2026-06-23 18:00:00,33.33,37.91,53,few clouds,1.97,0.0
Besancon,2026-06-23 21:00:00,23.65,23.51,55,clear sky,2.33,0.0
Besancon,2026-06-24 00:00:00,20.38,20.2,66,clear sky,1.87,0.0
Besancon,2026-06-24 03:00:00,18.36,18.08,70,clear sky,1.96,0.0
Besancon,2026-06-24 06:00:00,25.74,26.09,66,clear sky,1.74,0.0
Besancon,2026-06-24 09:00:00,31.53,31.31,38,clear sky,3.8,0.0
Besancon,2026-06-24 12:00:00,35.26,34.25,26,clear sky,5.2,0.0
Besancon,2026-06-24 15:00:00,36.14,34.85,23,clear sky,4.9,0.0
Besancon,2026-06-24 18:00:00,31.56,31.35,38,clear sky,4.0,0.0
Besancon,2026-06-24 21:00:00,24.65,24.63,56,clear sky,2.25,0.0
Besancon,2026-06-25 00:00:00,22.18,22.02,60,scattered clouds,1.84,0.0
Besancon,2026-06-25 03:00:00,20.1,20.02,71,overcast clouds,1.38,0.0
Besancon,2026-06-25 06:00:00,23.51,23.69,68,broken clouds,0.67,0.0
Besancon,2026-06-25 09:00:00,31.21,31.66,43,scattered clouds,1.82,0.0
Besancon,2026-06-25 12:00:00,35.98,35.44,27,scattered clouds,0.25,0.0
Besancon,2026-06-25 15:00:00,36.73,36.05,25,scattered clouds,1.29,0.0
Besancon,2026-06-25 18:00:00,31.13,33.04,51,broken clouds,0.66,0.0
Besancon,2026-06-25 21:00:00,25.64,25.85,61,overcast clouds,1.41,0.0
Besancon,2026-06-26 00:00:00,24.33,24.57,67,overcast clouds,1.71,0.0
Besancon,2026-06-26 03:00:00,22.96,23.06,67,overcast clouds,1.21,0.0
Besancon,2026-06-26 06:00:00,25.23,25.35,59,overcast clouds,2.2,0.0
Besancon,2026-06-26 09:00:00,30.71,30.41,39,overcast clouds,4.29,0.0
Besancon,2026-06-26 12:00:00,34.54,34.22,31,broken clouds,3.55,0.0
Besancon,2026-06-26 15:00:00,36.63,36.14,26,scattered clouds,2.63,0.0
Besancon,2026-06-26 18:00:00,31.72,33.2,47,few clouds,2.85,0.0
Besancon,2026-06-26 21:00:00,26.27,26.27,56,broken clouds,1.81,0.0
Besancon,2026-06-27 00:00:00,24.5,24.52,58,broken clouds,1.67,0.0
Besancon,2026-06-27 03:00:00,23.18,23.15,61,overcast clouds,1.93,0.0
Besancon,2026-06-27 06:00:00,25.7,25.97,63,overcast clouds,0.62,0.0
Besancon,2026-06-27 09:00:00,32.21,32.58,40,overcast clouds,1.63,0.0
Besancon,2026-06-27 12:00:00,36.74,36.3,26,overcast clouds,2.86,0.0
Dijon,2026-06-22 15:00:00,36.07,34.43,21,few clouds,2.43,0.0
Dijon,2026-06-22 18:00:00,34.37,32.83,24,scattered clouds,4.02,0.0
Dijon,2026-06-22 21:00:00,25.05,24.86,48,scattered clouds,3.47,0.0
Dijon,2026-06-23 00:00:00,21.77,21.6,61,scattered clouds,2.92,0.0
Dijon,2026-06-23 03:00:00,19.71,19.49,67,broken clouds,3.16,0.0
Dijon,2026-06-23 06:00:00,24.86,24.84,55,broken clouds,2.82,0.0
Dijon,2026-06-23 09:00:00,30.95,30.09,34,scattered clouds,4.19,0.0
Dijon,2026-06-23 12:00:00,36.2,34.58,21,scattered clouds,3.46,0.0
Dijon,2026-06-23 15:00:00,37.68,35.68,17,scattered clouds,4.27,0.0
Dijon,2026-06-23 18:00:00,35.38,33.61,21,scattered clouds,4.02,0.0
Dijon,2026-06-23 21:00:00,25.21,24.83,40,clear sky,3.29,0.0
Dijon,2026-06-24 00:00:00,21.72,21.33,53,clear sky,3.22,0.0
Dijon,2026-06-24 03:00:00,19.54,19.19,63,clear sky,3.25,0.0
Dijon,2026-06-24 06:00:00,25.25,25.27,55,clear sky,3.63,0.0
Dijon,2026-06-24 09:00:00,33.02,32.49,33,clear sky,4.59,0.0
Dijon,2026-06-24 12:00:00,37.51,36.03,20,clear sky,5.34,0.0
Dijon,2026-06-24 15:00:00,38.58,37.19,19,clear sky,5.13,0.0
Dijon,2026-06-24 18:00:00,35.87,34.51,23,clear sky,5.54,0.0
Dijon,2026-06-24 21:00:00,25.88,25.72,46,clear sky,1.61,0.0
Dijon,2026-06-25 00:00:00,23.13,22.99,57,scattered clouds,2.34,0.0
Dijon,2026-06-25 03:00:00,21.77,21.67,64,overcast clouds,2.17,0.0
Dijon,2026-06-25 06:00:00,24.14,24.1,57,overcast clouds,2.07,0.0
Dijon,2026-06-25 09:00:00,31.57,30.93,35,broken clouds,3.07,0.0
Dijon,2026-06-25 12:00:00,36.21,35.13,24,broken clouds,3.8,0.0
Dijon,2026-06-25 15:00:00,37.93,36.79,21,scattered clouds,3.89,0.0
Dijon,2026-06-25 18:00:00,35.95,34.79,24,few clouds,4.08,0.0
Dijon,2026-06-25 21:00:00,27.92,27.66,41,broken clouds,2.04,0.0
Dijon,2026-06-26 00:00:00,23.99,23.93,57,overcast clouds,2.67,0.0
Dijon,2026-06-26 03:00:00,21.42,21.16,59,broken clouds,2.87,0.0
Dijon,2026-06-26 06:00:00,25.79,25.68,48,scattered clouds,2.72,0.0
Dijon,2026-06-26 09:00:00,33.08,32.1,30,clear sky,3.3,0.0
Dijon,2026-06-26 12:00:00,38.09,37.5,23,clear sky,3.95,0.0
Dijon,2026-06-26 15:00:00,40.15,38.99,18,clear sky,3.38,0.0
Dijon,2026-06-26 18:00:00,34.18,33.19,28,scattered clouds,3.54,0.0
Dijon,2026-06-26 21:00:00,26.69,27.19,51,light rain,2.46,0.33
Dijon,2026-06-27 00:00:00,23.99,24.12,64,scattered clouds,1.65,0.0
Dijon,2026-06-27 03:00:00,22.63,22.72,68,scattered clouds,1.25,0.0
Dijon,2026-06-27 06:00:00,26.67,27.01,48,broken clouds,3.36,0.0
Dijon,2026-06-27 09:00:00,35.23,34.21,26,scattered clouds,3.62,0.0
Dijon,2026-06-27 12:00:00,40.09,39.2,19,few clouds,4.32,0.0
Annecy,2026-06-22 15:00:00,33.86,33.1,30,clear sky,3.49,0.0
Annecy,2026-06-22 18:00:00,31.35,33.0,49,clear sky,1.92,0.0
Annecy,2026-06-22 21:00:00,24.63,24.77,62,scattered clouds,1.55,0.0
Annecy,2026-06-23 00:00:00,23.54,23.7,67,few clouds,1.27,0.0
Annecy,2026-06-23 03:00:00,20.72,20.65,69,broken clouds,1.6,0.0
Annecy,2026-06-23 06:00:00,23.91,24.05,65,broken clouds,0.95,0.0
Annecy,2026-06-23 09:00:00,28.76,28.92,46,clear sky,2.26,0.0
Annecy,2026-06-23 12:00:00,30.31,29.3,33,clear sky,3.78,0.0
Annecy,2026-06-23 15:00:00,33.61,32.07,25,clear sky,3.72,0.0
Annecy,2026-06-23 18:00:00,29.55,32.0,60,clear sky,1.43,0.0
Annecy,2026-06-23 21:00:00,24.52,24.78,67,clear sky,1.62,0.0
Annecy,2026-06-24 00:00:00,23.58,23.8,69,few clouds,1.34,0.0
Annecy,2026-06-24 03:00:00,20.52,20.56,74,clear sky,1.14,0.0
Annecy,2026-06-24 06:00:00,24.04,24.28,68,clear sky,0.98,0.0
Annecy,2026-06-24 09:00:00,28.27,28.66,49,clear sky,2.03,0.0
Annecy,2026-06-24 12:00:00,31.54,31.63,40,clear sky,2.52,0.0
Annecy,2026-06-24 15:00:00,32.14,31.8,36,scattered clouds,2.6,0.0
Annecy,2026-06-24 18:00:00,28.48,30.45,62,light rain,0.51,0.1
Annecy,2026-06-24 21:00:00,22.62,22.87,74,overcast clouds,2.06,0.0
Annecy,2026-06-25 00:00:00,20.25,20.37,78,overcast clouds,1.58,0.0
Annecy,2026-06-25 03:00:00,19.99,19.98,74,overcast clouds,1.48,0.0
Annecy,2026-06-25 06:00:00,23.39,23.56,68,overcast clouds,0.71,0.0
Annecy,2026-06-25 09:00:00,30.19,30.71,46,scattered clouds,1.14,0.0
Annecy,2026-06-25 12:00:00,34.15,34.06,33,few clouds,1.83,0.0
Annecy,2026-06-25 15:00:00,34.53,33.82,29,scattered clouds,1.94,0.0
Annecy,2026-06-25 18:00:00,29.64,31.8,58,scattered clouds,0.8,0.0
Annecy,2026-06-25 21:00:00,24.11,24.3,66,scattered clouds,0.89,0.0
Annecy,2026-06-26 00:00:00,22.0,22.06,69,broken clouds,1.84,0.0
Annecy,2026-06-26 03:00:00,20.79,20.78,71,broken clouds,1.53,0.0
Annecy,2026-06-26 06:00:00,24.28,24.49,66,scattered clouds,0.56,0.0
Annecy,2026-06-26 09:00:00,31.02,31.4,43,clear sky,1.28,0.0
Annecy,2026-06-26 12:00:00,34.19,34.12,33,scattered clouds,1.66,0.0
Annecy,2026-06-26 15:00:00,34.96,34.62,30,broken clouds,0.92,0.0
Annecy,2026-06-26 18:00:00,29.81,31.4,54,broken clouds,1.26,0.0
Annecy,2026-06-26 21:00:00,23.35,23.65,73,light rain,2.71,0.12
Annecy,2026-06-27 00:00:00,21.8,21.79,67,overcast clouds,1.99,0.0
Annecy,2026-06-27 03:00:00,20.86,20.83,70,light rain,2.06,0.1
Annecy,2026-06-27 06:00:00,22.88,23.34,81,light rain,1.3,0.37
Annecy,2026-06-27 09:00:00,32.06,32.74,42,scattered clouds,1.2,0.0
Annecy,2026-06-27 12:00:00,35.23,35.01,30,scattered clouds,2.25,0.0
Grenoble,2026-06-22 15:00:00,35.35,36.97,37,clear sky,2.58,0.0
Grenoble,2026-06-22 18:00:00,32.95,36.77,52,clear sky,1.12,0.0
Grenoble,2026-06-22 21:00:00,25.46,25.89,70,scattered clouds,1.91,0.0
Grenoble,2026-06-23 00:00:00,25.5,26.04,74,scattered clouds,1.85,0.0
Grenoble,2026-06-23 03:00:00,24.36,24.73,72,broken clouds,1.37,0.0
Grenoble,2026-06-23 06:00:00,27.99,30.01,65,overcast clouds,0.36,0.0
Grenoble,2026-06-23 09:00:00,32.77,33.85,42,overcast clouds,1.46,0.0
Grenoble,2026-06-23 12:00:00,33.63,32.64,29,scattered clouds,2.56,0.0
Grenoble,2026-06-23 15:00:00,34.81,33.67,26,clear sky,3.04,0.0
Grenoble,2026-06-23 18:00:00,31.03,33.5,54,clear sky,1.3,0.0
Grenoble,2026-06-23 21:00:00,25.6,25.89,64,clear sky,1.82,0.0
Grenoble,2026-06-24 00:00:00,25.55,25.91,67,clear sky,1.83,0.0
Grenoble,2026-06-24 03:00:00,24.4,24.67,68,clear sky,1.44,0.0
Grenoble,2026-06-24 06:00:00,28.76,30.63,60,clear sky,0.97,0.0
Grenoble,2026-06-24 09:00:00,32.74,33.38,40,clear sky,1.02,0.0
Grenoble,2026-06-24 12:00:00,35.92,36.29,31,clear sky,2.19,0.0
Grenoble,2026-06-24 15:00:00,32.49,34.06,45,light rain,0.89,0.58
Grenoble,2026-06-24 18:00:00,20.98,21.59,94,moderate rain,3.47,3.13
Grenoble,2026-06-24 21:00:00,20.46,20.91,90,overcast clouds,1.74,0.0
Grenoble,2026-06-25 00:00:00,19.25,19.5,87,overcast clouds,1.93,0.0
Grenoble,2026-06-25 03:00:00,19.25,19.29,79,broken clouds,1.94,0.0
Grenoble,2026-06-25 06:00:00,24.03,24.16,64,scattered clouds,1.38,0.0
Grenoble,2026-06-25 09:00:00,32.48,32.26,36,clear sky,1.53,0.0
Grenoble,2026-06-25 12:00:00,36.74,36.54,27,clear sky,1.46,0.0
Grenoble,2026-06-25 15:00:00,36.64,36.15,26,scattered clouds,1.31,0.0
Grenoble,2026-06-25 18:00:00,29.21,31.07,58,broken clouds,1.34,0.0
Grenoble,2026-06-25 21:00:00,23.34,23.77,78,light rain,2.59,0.72
Grenoble,2026-06-26 00:00:00,21.01,21.46,88,light rain,2.05,0.41
Grenoble,2026-06-26 03:00:00,20.59,20.98,87,scattered clouds,1.83,0.0
Grenoble,2026-06-26 06:00:00,24.76,25.2,73,few clouds,1.12,0.0
Grenoble,2026-06-26 09:00:00,33.26,34.43,41,scattered clouds,0.97,0.0
Grenoble,2026-06-26 12:00:00,36.22,37.04,32,broken clouds,1.78,0.0
Grenoble,2026-06-26 15:00:00,36.29,36.88,31,broken clouds,1.97,0.0
Grenoble,2026-06-26 18:00:00,30.31,32.81,57,overcast clouds,0.96,0.0
Grenoble,2026-06-26 21:00:00,25.61,25.98,67,overcast clouds,1.88,0.0
Grenoble,2026-06-27 00:00:00,23.68,23.98,72,overcast clouds,1.84,0.0
Grenoble,2026-06-27 03:00:00,21.68,22.02,81,light rain,1.91,0.13
Grenoble,2026-06-27 06:00:00,26.05,26.05,67,broken clouds,1.49,0.0
Grenoble,2026-06-27 09:00:00,34.19,35.0,37,few clouds,1.68,0.0
Grenoble,2026-06-27 12:00:00,38.35,38.44,25,clear sky,1.33,0.0
Lyon,2026-06-22 15:00:00,36.72,37.02,29,few clouds,3.0,0.0
Lyon,2026-06-22 18:00:00,35.88,35.51,28,few clouds,2.31,0.0
Lyon,2026-06-22 21:00:00,27.93,27.6,40,clear sky,1.93,0.0
Lyon,2026-06-23 00:00:00,25.38,25.17,46,clear sky,0.52,0.0
Lyon,2026-06-23 03:00:00,21.52,21.03,50,scattered clouds,0.76,0.0
Lyon,2026-06-23 06:00:00,24.8,24.51,45,few clouds,0.59,0.0
Lyon,2026-06-23 09:00:00,32.65,32.16,34,clear sky,1.92,0.0
Lyon,2026-06-23 12:00:00,36.51,36.7,29,clear sky,3.52,0.0
Lyon,2026-06-23 15:00:00,36.8,35.15,20,clear sky,3.41,0.0
Lyon,2026-06-23 18:00:00,35.3,34.13,25,clear sky,3.04,0.0
Lyon,2026-06-23 21:00:00,27.91,27.65,41,clear sky,1.9,0.0
Lyon,2026-06-24 00:00:00,25.52,25.33,46,clear sky,1.3,0.0
Lyon,2026-06-24 03:00:00,21.58,21.2,54,clear sky,0.32,0.0
Lyon,2026-06-24 06:00:00,25.33,25.22,50,clear sky,0.8,0.0
Lyon,2026-06-24 09:00:00,31.28,30.71,36,clear sky,1.91,0.0
Lyon,2026-06-24 12:00:00,34.9,34.33,29,clear sky,3.41,0.0
Lyon,2026-06-24 15:00:00,36.97,36.39,25,broken clouds,2.09,0.0
Lyon,2026-06-24 18:00:00,35.19,34.74,29,scattered clouds,3.37,0.0
Lyon,2026-06-24 21:00:00,27.94,28.21,48,broken clouds,2.09,0.0
Lyon,2026-06-25 00:00:00,24.38,24.36,57,broken clouds,2.3,0.0
Lyon,2026-06-25 03:00:00,22.06,21.99,64,scattered clouds,1.82,0.0
Lyon,2026-06-25 06:00:00,24.29,24.11,51,broken clouds,2.13,0.0
Lyon,2026-06-25 09:00:00,30.96,30.1,34,scattered clouds,3.68,0.0
Lyon,2026-06-25 12:00:00,37.46,36.17,21,few clouds,4.88,0.0
Lyon,2026-06-25 15:00:00,38.6,37.21,19,clear sky,5.98,0.0
Lyon,2026-06-25 18:00:00,36.54,35.37,23,clear sky,4.81,0.0
Lyon,2026-06-25 21:00:00,29.22,28.48,36,scattered clouds,3.35,0.0
Lyon,2026-06-26 00:00:00,25.51,25.27,44,scattered clouds,2.82,0.0
Lyon,2026-06-26 03:00:00,23.33,23.0,49,clear sky,1.41,0.0
Lyon,2026-06-26 06:00:00,25.84,25.58,42,few clouds,1.11,0.0
Lyon,2026-06-26 09:00:00,32.48,31.13,28,clear sky,1.43,0.0
Lyon,2026-06-26 12:00:00,37.78,36.38,20,few clouds,1.66,0.0
Lyon,2026-06-26 15:00:00,39.01,37.51,18,few clouds,2.42,0.0
Lyon,2026-06-26 18:00:00,37.09,35.7,21,scattered clouds,2.94,0.0
Lyon,2026-06-26 21:00:00,30.31,29.7,37,scattered clouds,1.8,0.0
Lyon,2026-06-27 00:00:00,27.05,27.06,43,broken clouds,1.83,0.0
Lyon,2026-06-27 03:00:00,24.45,24.18,47,overcast clouds,2.02,0.0
Lyon,2026-06-27 06:00:00,25.93,25.7,43,overcast clouds,2.71,0.0
Lyon,2026-06-27 09:00:00,33.26,31.91,27,broken clouds,3.15,0.0
Lyon,2026-06-27 12:00:00,39.4,38.0,18,broken clouds,2.46,0.0
Gorges Du Verdon,2026-06-22 15:00:00,27.07,27.55,51,moderate rain,2.85,4.38
Gorges Du Verdon,2026-06-22 18:00:00,25.84,26.07,61,light rain,2.4,0.31
Gorges Du Verdon,2026-06-22 21:00:00,21.85,21.79,65,overcast clouds,1.97,0.0
Gorges Du Verdon,2026-06-23 00:00:00,20.39,20.05,60,overcast clouds,2.13,0.0
Gorges Du Verdon,2026-06-23 03:00:00,17.28,16.55,57,scattered clouds,1.92,0.0
Gorges Du Verdon,2026-06-23 06:00:00,20.8,20.06,43,broken clouds,1.54,0.0
Gorges Du Verdon,2026-06-23 09:00:00,27.14,26.55,31,few clouds,3.51,0.0
Gorges Du Verdon,2026-06-23 12:00:00,28.7,27.48,27,few clouds,4.5,0.0
Gorges Du Verdon,2026-06-23 15:00:00,25.14,25.22,58,light rain,5.67,1.78
Gorges Du Verdon,2026-06-23 18:00:00,23.71,24.15,77,light rain,2.17,1.06
Gorges Du Verdon,2026-06-23 21:00:00,21.93,21.85,64,light rain,1.97,0.15
Gorges Du Verdon,2026-06-24 00:00:00,20.34,20.1,64,overcast clouds,1.62,0.0
Gorges Du Verdon,2026-06-24 03:00:00,18.5,18.13,66,broken clouds,1.75,0.0
Gorges Du Verdon,2026-06-24 06:00:00,23.68,23.46,52,scattered clouds,1.07,0.0
Gorges Du Verdon,2026-06-24 09:00:00,28.3,27.59,35,overcast clouds,2.61,0.0
Gorges Du Verdon,2026-06-24 12:00:00,30.02,28.93,32,overcast clouds,3.85,0.0
Gorges Du Verdon,2026-06-24 15:00:00,23.02,23.07,65,light rain,3.05,2.41
Gorges Du Verdon,2026-06-24 18:00:00,17.71,17.68,82,light rain,2.5,0.56
Gorges Du Verdon,2026-06-24 21:00:00,17.43,17.0,68,overcast clouds,2.09,0.0
Gorges Du Verdon,2026-06-25 00:00:00,17.39,16.93,67,overcast clouds,1.91,0.0
Gorges Du Verdon,2026-06-25 03:00:00,16.98,16.46,66,scattered clouds,1.87,0.0
Gorges Du Verdon,2026-06-25 06:00:00,22.29,21.91,51,few clouds,1.09,0.0
Gorges Du Verdon,2026-06-25 09:00:00,28.21,27.58,36,clear sky,1.84,0.0
Gorges Du Verdon,2026-06-25 12:00:00,30.86,29.59,30,clear sky,3.92,0.0
Gorges Du Verdon,2026-06-25 15:00:00,25.11,24.98,50,overcast clouds,2.87,0.0
Gorges Du Verdon,2026-06-25 18:00:00,24.94,24.82,51,broken clouds,0.97,0.0
Gorges Du Verdon,2026-06-25 21:00:00,19.07,18.96,74,light rain,2.01,0.52
Gorges Du Verdon,2026-06-26 00:00:00,18.31,18.08,72,clear sky,2.13,0.0
Gorges Du Verdon,2026-06-26 03:00:00,18.1,17.82,71,few clouds,1.73,0.0
Gorges Du Verdon,2026-06-26 06:00:00,23.25,23.07,55,clear sky,0.98,0.0
Gorges Du Verdon,2026-06-26 09:00:00,29.52,28.86,37,clear sky,2.1,0.0
Gorges Du Verdon,2026-06-26 12:00:00,30.52,29.62,34,scattered clouds,4.54,0.0
Gorges Du Verdon,2026-06-26 15:00:00,27.87,27.76,43,overcast clouds,3.06,0.0
Gorges Du Verdon,2026-06-26 18:00:00,26.31,26.31,48,broken clouds,2.15,0.0
Gorges Du Verdon,2026-06-26 21:00:00,20.97,20.69,60,broken clouds,1.67,0.0
Gorges Du Verdon,2026-06-27 00:00:00,19.5,19.2,65,light rain,1.94,0.44
Gorges Du Verdon,2026-06-27 03:00:00,18.98,18.87,74,light rain,2.02,1.23
Gorges Du Verdon,2026-06-27 06:00:00,20.73,20.79,74,light rain,1.61,0.6
Gorges Du Verdon,2026-06-27 09:00:00,29.35,28.87,39,broken clouds,2.2,0.0
Gorges Du Verdon,2026-06-27 12:00:00,28.39,28.34,44,broken clouds,4.63,0.0
Bormes Les Mimosas,2026-06-22 15:00:00,28.98,30.28,55,scattered clouds,2.98,0.0
Bormes Les Mimosas,2026-06-22 18:00:00,28.96,30.11,54,broken clouds,0.74,0.0
Bormes Les Mimosas,2026-06-22 21:00:00,25.92,26.24,64,overcast clouds,3.2,0.0
Bormes Les Mimosas,2026-06-23 00:00:00,23.99,24.3,71,overcast clouds,1.47,0.0
Bormes Les Mimosas,2026-06-23 03:00:00,21.39,21.41,70,clear sky,1.87,0.0
Bormes Les Mimosas,2026-06-23 06:00:00,24.21,24.23,59,few clouds,1.84,0.0
Bormes Les Mimosas,2026-06-23 09:00:00,30.38,30.97,46,few clouds,1.94,0.0
Bormes Les Mimosas,2026-06-23 12:00:00,30.91,31.57,45,few clouds,2.84,0.0
Bormes Les Mimosas,2026-06-23 15:00:00,29.51,30.08,48,clear sky,2.08,0.0
Bormes Les Mimosas,2026-06-23 18:00:00,28.75,30.48,59,scattered clouds,1.18,0.0
Bormes Les Mimosas,2026-06-23 21:00:00,25.67,25.94,63,overcast clouds,1.36,0.0
Bormes Les Mimosas,2026-06-24 00:00:00,24.23,24.33,62,overcast clouds,1.33,0.0
Bormes Les Mimosas,2026-06-24 03:00:00,22.36,22.37,66,broken clouds,1.26,0.0
Bormes Les Mimosas,2026-06-24 06:00:00,25.98,25.98,57,scattered clouds,2.05,0.0
Bormes Les Mimosas,2026-06-24 09:00:00,28.85,29.24,48,scattered clouds,2.65,0.0
Bormes Les Mimosas,2026-06-24 12:00:00,28.41,28.92,50,broken clouds,3.26,0.0
Bormes Les Mimosas,2026-06-24 15:00:00,28.49,28.92,49,light rain,2.11,0.13
Bormes Les Mimosas,2026-06-24 18:00:00,26.39,26.39,57,overcast clouds,0.39,0.0
Bormes Les Mimosas,2026-06-24 21:00:00,24.54,24.64,61,overcast clouds,1.54,0.0
Bormes Les Mimosas,2026-06-25 00:00:00,22.79,22.9,68,overcast clouds,1.16,0.0
Bormes Les Mimosas,2026-06-25 03:00:00,21.88,21.93,69,broken clouds,1.66,0.0
Bormes Les Mimosas,2026-06-25 06:00:00,24.8,24.85,58,scattered clouds,1.4,0.0
Bormes Les Mimosas,2026-06-25 09:00:00,29.1,29.55,48,clear sky,1.75,0.0
Bormes Les Mimosas,2026-06-25 12:00:00,28.75,29.57,52,clear sky,3.9,0.0
Bormes Les Mimosas,2026-06-25 15:00:00,27.92,28.72,54,clear sky,3.18,0.0
Bormes Les Mimosas,2026-06-25 18:00:00,26.71,27.37,54,clear sky,2.6,0.0
Bormes Les Mimosas,2026-06-25 21:00:00,23.16,23.23,65,clear sky,2.49,0.0
Bormes Les Mimosas,2026-06-26 00:00:00,23.15,23.17,63,clear sky,2.61,0.0
Bormes Les Mimosas,2026-06-26 03:00:00,22.83,22.74,60,few clouds,1.98,0.0
Bormes Les Mimosas,2026-06-26 06:00:00,25.19,25.2,55,clear sky,1.44,0.0
Bormes Les Mimosas,2026-06-26 09:00:00,29.9,30.32,46,clear sky,1.52,0.0
Bormes Les Mimosas,2026-06-26 12:00:00,29.37,30.15,50,few clouds,3.79,0.0
Bormes Les Mimosas,2026-06-26 15:00:00,29.8,30.19,46,clear sky,4.92,0.0
Bormes Les Mimosas,2026-06-26 18:00:00,28.29,28.78,50,clear sky,2.94,0.0
Bormes Les Mimosas,2026-06-26 21:00:00,23.36,23.63,72,light rain,1.23,0.72
Bormes Les Mimosas,2026-06-27 00:00:00,22.79,23.06,74,light rain,1.94,0.32
Bormes Les Mimosas,2026-06-27 03:00:00,22.93,23.03,67,light rain,1.2,0.1
Bormes Les Mimosas,2026-06-27 06:00:00,24.34,24.42,61,overcast clouds,1.68,0.0
Bormes Les Mimosas,2026-06-27 09:00:00,30.46,31.09,46,broken clouds,0.8,0.0
Bormes Les Mimosas,2026-06-27 12:00:00,29.23,29.96,50,scattered clouds,3.19,0.0
Cassis,2026-06-22 15:00:00,30.81,29.83,33,few clouds,1.81,0.0
Cassis,2026-06-22 18:00:00,29.56,29.64,44,scattered clouds,3.87,0.0
Cassis,2026-06-22 21:00:00,26.87,27.47,53,broken clouds,1.85,0.0
Cassis,2026-06-23 00:00:00,26.03,26.03,56,broken clouds,0.65,0.0
Cassis,2026-06-23 03:00:00,22.79,22.59,56,scattered clouds,1.95,0.0
Cassis,2026-06-23 06:00:00,23.96,23.85,55,few clouds,1.48,0.0
Cassis,2026-06-23 09:00:00,29.36,30.14,50,scattered clouds,2.12,0.0
Cassis,2026-06-23 12:00:00,29.69,30.18,47,few clouds,2.65,0.0
Cassis,2026-06-23 15:00:00,29.09,29.31,46,clear sky,1.95,0.0
Cassis,2026-06-23 18:00:00,28.25,28.73,50,scattered clouds,1.74,0.0
Cassis,2026-06-23 21:00:00,26.32,26.32,56,overcast clouds,0.95,0.0
Cassis,2026-06-24 00:00:00,25.73,25.79,55,overcast clouds,2.42,0.0
Cassis,2026-06-24 03:00:00,23.42,23.25,55,clear sky,1.05,0.0
Cassis,2026-06-24 06:00:00,25.37,25.35,53,clear sky,0.13,0.0
Cassis,2026-06-24 09:00:00,27.35,27.83,51,clear sky,2.46,0.0
Cassis,2026-06-24 12:00:00,27.9,28.25,49,clear sky,2.46,0.0
Cassis,2026-06-24 15:00:00,27.8,27.99,47,light rain,1.66,0.53
Cassis,2026-06-24 18:00:00,27.66,28.08,50,light rain,0.47,0.32
Cassis,2026-06-24 21:00:00,26.15,26.15,58,overcast clouds,2.2,0.0
Cassis,2026-06-25 00:00:00,25.48,25.62,59,overcast clouds,0.58,0.0
Cassis,2026-06-25 03:00:00,24.99,25.09,59,overcast clouds,1.14,0.0
Cassis,2026-06-25 06:00:00,25.69,25.83,58,broken clouds,0.96,0.0
Cassis,2026-06-25 09:00:00,27.08,27.69,53,clear sky,2.64,0.0
Cassis,2026-06-25 12:00:00,27.18,27.72,52,clear sky,3.44,0.0
Cassis,2026-06-25 15:00:00,27.24,27.79,52,clear sky,3.02,0.0
Cassis,2026-06-25 18:00:00,26.31,26.31,56,clear sky,1.53,0.0
Cassis,2026-06-25 21:00:00,25.87,25.95,55,clear sky,1.42,0.0
Cassis,2026-06-26 00:00:00,25.52,25.59,56,clear sky,2.19,0.0
Cassis,2026-06-26 03:00:00,25.06,25.14,58,few clouds,2.79,0.0
Cassis,2026-06-26 06:00:00,25.87,25.97,56,few clouds,2.3,0.0
Cassis,2026-06-26 09:00:00,27.9,28.43,51,clear sky,3.98,0.0
Cassis,2026-06-26 12:00:00,27.83,28.52,53,scattered clouds,3.31,0.0
Cassis,2026-06-26 15:00:00,27.87,28.48,52,few clouds,2.57,0.0
Cassis,2026-06-26 18:00:00,26.69,27.7,60,clear sky,1.6,0.0
Cassis,2026-06-26 21:00:00,25.77,26.02,62,broken clouds,1.85,0.0
Cassis,2026-06-27 00:00:00,25.09,25.33,64,broken clouds,2.19,0.0
Cassis,2026-06-27 03:00:00,25.55,25.68,58,overcast clouds,1.78,0.0
Cassis,2026-06-27 06:00:00,25.62,25.83,61,overcast clouds,2.58,0.0
Cassis,2026-06-27 09:00:00,27.97,28.69,53,light rain,2.83,0.21
Cassis,2026-06-27 12:00:00,27.94,28.75,54,broken clouds,3.17,0.0
Marseille,2026-06-22 15:00:00,31.17,30.22,33,few clouds,2.68,0.0
Marseille,2026-06-22 18:00:00,30.22,30.2,42,broken clouds,3.91,0.0
Marseille,2026-06-22 21:00:00,28.19,28.67,50,broken clouds,1.69,0.0
Marseille,2026-06-23 00:00:00,27.32,27.94,53,scattered clouds,1.06,0.0
Marseille,2026-06-23 03:00:00,24.36,24.29,55,broken clouds,2.47,0.0
Marseille,2026-06-23 06:00:00,24.58,24.53,55,scattered clouds,1.56,0.0
Marseille,2026-06-23 09:00:00,30.16,30.97,48,scattered clouds,1.61,0.0
Marseille,2026-06-23 12:00:00,30.72,31.46,46,few clouds,3.09,0.0
Marseille,2026-06-23 15:00:00,29.89,30.45,47,clear sky,3.01,0.0
Marseille,2026-06-23 18:00:00,29.1,29.92,51,scattered clouds,2.82,0.0
Marseille,2026-06-23 21:00:00,27.44,28.4,57,overcast clouds,1.14,0.0
Marseille,2026-06-24 00:00:00,27.28,27.83,52,overcast clouds,2.09,0.0
Marseille,2026-06-24 03:00:00,25.17,25.13,53,few clouds,0.98,0.0
Marseille,2026-06-24 06:00:00,26.55,26.55,53,clear sky,0.4,0.0
Marseille,2026-06-24 09:00:00,28.17,28.55,49,clear sky,2.42,0.0
Marseille,2026-06-24 12:00:00,28.74,29.0,47,clear sky,2.94,0.0
Marseille,2026-06-24 15:00:00,28.85,29.24,48,light rain,3.03,0.17
Marseille,2026-06-24 18:00:00,28.3,29.0,52,light rain,1.68,0.42
Marseille,2026-06-24 21:00:00,27.5,28.39,56,overcast clouds,1.48,0.0
Marseille,2026-06-25 00:00:00,26.45,26.45,61,overcast clouds,0.45,0.0
Marseille,2026-06-25 03:00:00,26.09,26.09,60,overcast clouds,0.75,0.0
Marseille,2026-06-25 06:00:00,26.11,26.11,59,broken clouds,1.0,0.0
Marseille,2026-06-25 09:00:00,27.39,28.1,54,clear sky,2.6,0.0
Marseille,2026-06-25 12:00:00,28.03,28.67,52,clear sky,3.71,0.0
Marseille,2026-06-25 15:00:00,27.93,28.64,53,clear sky,3.79,0.0
Marseille,2026-06-25 18:00:00,27.2,28.03,56,clear sky,1.85,0.0
Marseille,2026-06-25 21:00:00,27.31,28.08,55,clear sky,1.2,0.0
Marseille,2026-06-26 00:00:00,27.07,27.81,55,clear sky,1.86,0.0
Marseille,2026-06-26 03:00:00,26.52,26.52,57,clear sky,2.51,0.0
Marseille,2026-06-26 06:00:00,26.62,26.62,55,clear sky,2.09,0.0
Marseille,2026-06-26 09:00:00,28.34,28.84,50,clear sky,3.5,0.0
Marseille,2026-06-26 12:00:00,28.61,29.39,52,scattered clouds,3.67,0.0
Marseille,2026-06-26 15:00:00,28.56,29.44,53,few clouds,3.4,0.0
Marseille,2026-06-26 18:00:00,27.57,28.93,61,clear sky,1.89,0.0
Marseille,2026-06-26 21:00:00,27.09,28.35,62,scattered clouds,1.76,0.0
Marseille,2026-06-27 00:00:00,26.57,26.57,63,broken clouds,1.84,0.0
Marseille,2026-06-27 03:00:00,26.94,27.87,58,overcast clouds,1.75,0.0
Marseille,2026-06-27 06:00:00,26.49,26.49,61,overcast clouds,2.65,0.0
Marseille,2026-06-27 09:00:00,28.6,29.26,51,scattered clouds,2.57,0.0
Marseille,2026-06-27 12:00:00,28.74,29.68,53,broken clouds,3.73,0.0
Aix En Provence,2026-06-22 15:00:00,31.37,29.4,20,few clouds,3.55,0.0
Aix En Provence,2026-06-22 18:00:00,30.33,29.23,32,scattered clouds,0.35,0.0
Aix En Provence,2026-06-22 21:00:00,27.7,27.74,45,broken clouds,0.93,0.0
Aix En Provence,2026-06-23 00:00:00,25.98,25.98,50,scattered clouds,1.94,0.0
Aix En Provence,2026-06-23 03:00:00,22.84,22.59,54,scattered clouds,1.39,0.0
Aix En Provence,2026-06-23 06:00:00,22.63,22.18,47,scattered clouds,1.5,0.0
Aix En Provence,2026-06-23 09:00:00,32.24,30.86,28,scattered clouds,1.23,0.0
Aix En Provence,2026-06-23 12:00:00,34.49,32.71,22,few clouds,4.88,0.0
Aix En Provence,2026-06-23 15:00:00,33.39,31.6,23,clear sky,4.89,0.0
Aix En Provence,2026-06-23 18:00:00,31.66,30.14,27,scattered clouds,2.69,0.0
Aix En Provence,2026-06-23 21:00:00,28.59,27.91,36,overcast clouds,1.24,0.0
Aix En Provence,2026-06-24 00:00:00,27.05,26.95,41,overcast clouds,0.84,0.0
Aix En Provence,2026-06-24 03:00:00,24.1,23.79,47,scattered clouds,1.68,0.0
Aix En Provence,2026-06-24 06:00:00,26.47,26.47,43,few clouds,1.41,0.0
Aix En Provence,2026-06-24 09:00:00,32.51,31.16,28,clear sky,2.35,0.0
Aix En Provence,2026-06-24 12:00:00,34.83,33.38,24,few clouds,4.85,0.0
Aix En Provence,2026-06-24 15:00:00,33.73,32.47,27,light rain,4.65,0.44
Aix En Provence,2026-06-24 18:00:00,27.84,28.53,53,light rain,3.59,1.5
Aix En Provence,2026-06-24 21:00:00,25.13,25.21,58,overcast clouds,2.7,0.0
Aix En Provence,2026-06-25 00:00:00,24.58,24.63,59,overcast clouds,2.54,0.0
Aix En Provence,2026-06-25 03:00:00,23.68,23.49,53,overcast clouds,2.14,0.0
Aix En Provence,2026-06-25 06:00:00,25.58,25.39,46,broken clouds,1.71,0.0
Aix En Provence,2026-06-25 09:00:00,31.73,30.87,33,clear sky,1.76,0.0
Aix En Provence,2026-06-25 12:00:00,34.24,33.26,28,clear sky,5.7,0.0
Aix En Provence,2026-06-25 15:00:00,32.74,31.55,29,light rain,5.06,0.1
Aix En Provence,2026-06-25 18:00:00,30.38,29.47,34,clear sky,3.38,0.0
Aix En Provence,2026-06-25 21:00:00,27.89,27.64,41,clear sky,1.12,0.0
Aix En Provence,2026-06-26 00:00:00,26.53,26.53,45,clear sky,0.95,0.0
Aix En Provence,2026-06-26 03:00:00,25.29,25.1,47,few clouds,0.96,0.0
Aix En Provence,2026-06-26 06:00:00,26.61,26.61,41,clear sky,1.25,0.0
Aix En Provence,2026-06-26 09:00:00,32.52,31.06,27,clear sky,1.75,0.0
Aix En Provence,2026-06-26 12:00:00,35.52,34.07,23,scattered clouds,4.51,0.0
Aix En Provence,2026-06-26 15:00:00,34.18,32.6,24,scattered clouds,4.85,0.0
Aix En Provence,2026-06-26 18:00:00,31.09,30.02,32,few clouds,2.97,0.0
Aix En Provence,2026-06-26 21:00:00,28.37,28.15,42,scattered clouds,1.25,0.0
Aix En Provence,2026-06-27 00:00:00,27.15,27.31,46,broken clouds,1.03,0.0
Aix En Provence,2026-06-27 03:00:00,26.13,26.13,45,overcast clouds,1.2,0.0
Aix En Provence,2026-06-27 06:00:00,27.55,27.23,39,overcast clouds,0.22,0.0
Aix En Provence,2026-06-27 09:00:00,33.08,31.58,26,scattered clouds,0.91,0.0
Aix En Provence,2026-06-27 12:00:00,35.88,34.7,24,broken clouds,4.52,0.0
Avignon,2026-06-22 15:00:00,38.18,37.63,23,clear sky,7.04,0.0
Avignon,2026-06-22 18:00:00,34.77,34.15,29,few clouds,4.99,0.0
Avignon,2026-06-22 21:00:00,25.83,25.75,49,few clouds,2.25,0.0
Avignon,2026-06-23 00:00:00,24.25,24.14,54,few clouds,1.04,0.0
Avignon,2026-06-23 03:00:00,22.2,21.96,57,scattered clouds,0.84,0.0
Avignon,2026-06-23 06:00:00,25.97,25.97,48,scattered clouds,1.04,0.0
Avignon,2026-06-23 09:00:00,31.94,30.75,30,scattered clouds,1.97,0.0
Avignon,2026-06-23 12:00:00,35.58,33.84,21,few clouds,1.21,0.0
Avignon,2026-06-23 15:00:00,35.54,33.66,20,clear sky,8.06,0.0
Avignon,2026-06-23 18:00:00,32.22,30.84,28,few clouds,5.14,0.0
Avignon,2026-06-23 21:00:00,25.23,25.17,52,scattered clouds,1.93,0.0
Avignon,2026-06-24 00:00:00,23.66,23.52,55,few clouds,0.22,0.0
Avignon,2026-06-24 03:00:00,22.01,21.68,54,clear sky,0.88,0.0
Avignon,2026-06-24 06:00:00,26.9,26.89,42,clear sky,1.22,0.0
Avignon,2026-06-24 09:00:00,33.76,32.12,24,clear sky,0.48,0.0
Avignon,2026-06-24 12:00:00,39.08,37.36,17,clear sky,2.37,0.0
Avignon,2026-06-24 15:00:00,37.43,35.93,20,clear sky,8.14,0.0
Avignon,2026-06-24 18:00:00,32.36,31.11,29,scattered clouds,5.51,0.0
Avignon,2026-06-24 21:00:00,25.22,25.21,54,overcast clouds,1.12,0.0
Avignon,2026-06-25 00:00:00,23.67,23.66,60,broken clouds,1.38,0.0
Avignon,2026-06-25 03:00:00,22.63,22.62,64,broken clouds,1.13,0.0
Avignon,2026-06-25 06:00:00,25.7,25.71,53,scattered clouds,1.27,0.0
Avignon,2026-06-25 09:00:00,33.18,32.22,30,clear sky,2.2,0.0
Avignon,2026-06-25 12:00:00,37.54,36.5,22,clear sky,6.1,0.0
Avignon,2026-06-25 15:00:00,36.66,35.15,21,clear sky,7.15,0.0
Avignon,2026-06-25 18:00:00,31.4,30.48,33,clear sky,5.28,0.0
Avignon,2026-06-25 21:00:00,24.63,24.69,59,clear sky,1.98,0.0
Avignon,2026-06-26 00:00:00,23.22,23.24,63,clear sky,0.36,0.0
Avignon,2026-06-26 03:00:00,21.9,21.87,66,clear sky,1.19,0.0
Avignon,2026-06-26 06:00:00,25.38,25.33,52,clear sky,1.43,0.0
Avignon,2026-06-26 09:00:00,33.58,32.58,29,clear sky,0.48,0.0
Avignon,2026-06-26 12:00:00,38.95,37.43,18,scattered clouds,3.19,0.0
Avignon,2026-06-26 15:00:00,38.03,36.28,18,clear sky,7.0,0.0
Avignon,2026-06-26 18:00:00,32.68,31.75,31,clear sky,5.28,0.0
Avignon,2026-06-26 21:00:00,24.32,24.5,65,scattered clouds,2.67,0.0
Avignon,2026-06-27 00:00:00,22.95,23.13,70,broken clouds,0.86,0.0
Avignon,2026-06-27 03:00:00,22.4,22.47,68,broken clouds,1.03,0.0
Avignon,2026-06-27 06:00:00,25.84,25.84,52,scattered clouds,0.7,0.0
Avignon,2026-06-27 09:00:00,34.38,33.28,27,scattered clouds,0.99,0.0
Avignon,2026-06-27 12:00:00,39.53,38.17,18,scattered clouds,4.42,0.0
Uzes,2026-06-22 15:00:00,37.46,35.27,16,clear sky,5.08,0.0
Uzes,2026-06-22 18:00:00,33.14,31.9,28,few clouds,6.67,0.0
Uzes,2026-06-22 21:00:00,24.85,24.67,49,scattered clouds,0.94,0.0
Uzes,2026-06-23 00:00:00,23.03,22.72,51,few clouds,0.96,0.0
Uzes,2026-06-23 03:00:00,20.69,20.2,53,few clouds,1.26,0.0
Uzes,2026-06-23 06:00:00,25.58,25.32,43,scattered clouds,1.05,0.0
Uzes,2026-06-23 09:00:00,30.97,29.53,28,clear sky,2.62,0.0
Uzes,2026-06-23 12:00:00,33.83,31.78,20,clear sky,4.7,0.0
Uzes,2026-06-23 15:00:00,33.82,31.69,19,clear sky,6.48,0.0
Uzes,2026-06-23 18:00:00,31.17,30.01,31,clear sky,5.24,0.0
Uzes,2026-06-23 21:00:00,23.82,23.64,53,clear sky,1.54,0.0
Uzes,2026-06-24 00:00:00,22.31,22.08,57,clear sky,0.05,0.0
Uzes,2026-06-24 03:00:00,20.47,20.03,56,clear sky,0.94,0.0
Uzes,2026-06-24 06:00:00,25.94,25.69,42,clear sky,1.23,0.0
Uzes,2026-06-24 09:00:00,33.3,31.71,25,clear sky,1.28,0.0
Uzes,2026-06-24 12:00:00,37.18,35.62,20,clear sky,3.24,0.0
Uzes,2026-06-24 15:00:00,37.27,35.73,20,clear sky,7.52,0.0
Uzes,2026-06-24 18:00:00,31.11,29.94,31,few clouds,5.95,0.0
Uzes,2026-06-24 21:00:00,23.9,23.78,55,overcast clouds,1.86,0.0
Uzes,2026-06-25 00:00:00,22.18,22.05,61,overcast clouds,0.85,0.0
Uzes,2026-06-25 03:00:00,21.36,21.2,63,broken clouds,1.16,0.0
Uzes,2026-06-25 06:00:00,24.95,24.86,52,scattered clouds,1.13,0.0
Uzes,2026-06-25 09:00:00,32.08,31.29,33,clear sky,2.67,0.0
Uzes,2026-06-25 12:00:00,36.64,35.31,22,clear sky,5.74,0.0
Uzes,2026-06-25 15:00:00,35.56,34.12,23,clear sky,7.32,0.0
Uzes,2026-06-25 18:00:00,30.52,29.72,35,clear sky,5.36,0.0
Uzes,2026-06-25 21:00:00,23.5,23.5,61,clear sky,1.63,0.0
Uzes,2026-06-26 00:00:00,21.62,21.61,68,clear sky,1.27,0.0
Uzes,2026-06-26 03:00:00,20.25,20.18,71,clear sky,1.35,0.0
Uzes,2026-06-26 06:00:00,24.69,24.6,53,clear sky,1.07,0.0
Uzes,2026-06-26 09:00:00,32.89,31.73,29,scattered clouds,1.69,0.0
Uzes,2026-06-26 12:00:00,37.52,36.05,20,scattered clouds,3.57,0.0
Uzes,2026-06-26 15:00:00,37.9,36.32,19,few clouds,7.05,0.0
Uzes,2026-06-26 18:00:00,32.51,31.41,30,few clouds,5.14,0.0
Uzes,2026-06-26 21:00:00,22.99,23.09,67,few clouds,2.3,0.0
Uzes,2026-06-27 00:00:00,21.23,21.42,77,scattered clouds,0.94,0.0
Uzes,2026-06-27 03:00:00,20.98,21.09,75,overcast clouds,1.37,0.0
Uzes,2026-06-27 06:00:00,25.19,25.2,55,broken clouds,0.67,0.0
Uzes,2026-06-27 09:00:00,33.15,32.19,30,clear sky,2.07,0.0
Uzes,2026-06-27 12:00:00,38.26,37.0,20,few clouds,4.29,0.0
Nimes,2026-06-22 15:00:00,37.59,35.42,16,clear sky,6.4,0.0
Nimes,2026-06-22 18:00:00,33.02,31.75,28,few clouds,4.65,0.0
Nimes,2026-06-22 21:00:00,25.83,25.75,49,scattered clouds,1.75,0.0
Nimes,2026-06-23 00:00:00,23.88,23.66,51,few clouds,0.5,0.0
Nimes,2026-06-23 03:00:00,21.67,21.22,51,clear sky,1.06,0.0
Nimes,2026-06-23 06:00:00,25.89,25.61,41,scattered clouds,1.25,0.0
Nimes,2026-06-23 09:00:00,31.88,30.12,24,few clouds,1.9,0.0
Nimes,2026-06-23 12:00:00,36.0,33.68,16,few clouds,2.75,0.0
Nimes,2026-06-23 15:00:00,34.18,32.15,20,clear sky,6.73,0.0
Nimes,2026-06-23 18:00:00,30.98,29.71,30,clear sky,4.47,0.0
Nimes,2026-06-23 21:00:00,24.49,24.46,56,broken clouds,1.67,0.0
Nimes,2026-06-24 00:00:00,23.08,23.04,61,scattered clouds,0.34,0.0
Nimes,2026-06-24 03:00:00,21.43,21.14,58,clear sky,1.02,0.0
Nimes,2026-06-24 06:00:00,26.37,26.37,42,clear sky,1.05,0.0
Nimes,2026-06-24 09:00:00,33.76,32.0,23,scattered clouds,0.88,0.0
Nimes,2026-06-24 12:00:00,38.1,36.0,16,scattered clouds,5.07,0.0
Nimes,2026-06-24 15:00:00,36.56,34.7,19,clear sky,6.49,0.0
Nimes,2026-06-24 18:00:00,30.43,29.42,33,clear sky,5.24,0.0
Nimes,2026-06-24 21:00:00,24.25,24.3,60,overcast clouds,1.71,0.0
Nimes,2026-06-25 00:00:00,23.39,23.33,59,overcast clouds,1.14,0.0
Nimes,2026-06-25 03:00:00,22.94,22.86,60,broken clouds,1.42,0.0
Nimes,2026-06-25 06:00:00,25.93,25.86,49,broken clouds,1.66,0.0
Nimes,2026-06-25 09:00:00,33.07,32.09,30,clear sky,2.61,0.0
Nimes,2026-06-25 12:00:00,36.61,34.92,20,clear sky,5.7,0.0
Nimes,2026-06-25 15:00:00,34.58,33.08,24,clear sky,6.71,0.0
Nimes,2026-06-25 18:00:00,29.84,29.29,38,clear sky,4.87,0.0
Nimes,2026-06-25 21:00:00,24.03,24.16,64,clear sky,1.21,0.0
Nimes,2026-06-26 00:00:00,22.77,22.85,67,clear sky,0.82,0.0
Nimes,2026-06-26 03:00:00,21.96,21.96,67,clear sky,1.47,0.0
Nimes,2026-06-26 06:00:00,25.35,25.27,51,clear sky,1.49,0.0
Nimes,2026-06-26 09:00:00,33.45,32.27,28,scattered clouds,0.88,0.0
Nimes,2026-06-26 12:00:00,38.56,36.73,17,few clouds,4.92,0.0
Nimes,2026-06-26 15:00:00,36.72,34.89,19,clear sky,6.45,0.0
Nimes,2026-06-26 18:00:00,31.27,30.57,35,clear sky,4.76,0.0
Nimes,2026-06-26 21:00:00,23.34,23.61,72,clear sky,2.52,0.0
Nimes,2026-06-27 00:00:00,22.39,22.72,78,few clouds,0.82,0.0
Nimes,2026-06-27 03:00:00,22.27,22.54,76,overcast clouds,1.21,0.0
Nimes,2026-06-27 06:00:00,25.72,25.84,57,overcast clouds,1.06,0.0
Nimes,2026-06-27 09:00:00,33.95,33.05,29,clear sky,1.19,0.0
Nimes,2026-06-27 12:00:00,38.57,36.74,17,scattered clouds,5.52,0.0
Aigues Mortes,2026-06-22 15:00:00,30.72,31.8,48,clear sky,5.26,0.0
Aigues Mortes,2026-06-22 18:00:00,28.56,29.92,57,clear sky,4.16,0.0
Aigues Mortes,2026-06-22 21:00:00,25.07,25.41,68,broken clouds,1.09,0.0
Aigues Mortes,2026-06-23 00:00:00,24.08,24.29,67,scattered clouds,1.18,0.0
Aigues Mortes,2026-06-23 03:00:00,22.22,22.17,64,clear sky,1.73,0.0
Aigues Mortes,2026-06-23 06:00:00,24.8,24.82,57,scattered clouds,2.48,0.0
Aigues Mortes,2026-06-23 09:00:00,30.4,30.85,45,few clouds,0.7,0.0
Aigues Mortes,2026-06-23 12:00:00,30.65,31.52,47,few clouds,5.23,0.0
Aigues Mortes,2026-06-23 15:00:00,28.57,29.81,56,clear sky,6.26,0.0
Aigues Mortes,2026-06-23 18:00:00,26.89,28.01,61,clear sky,3.94,0.0
Aigues Mortes,2026-06-23 21:00:00,24.72,25.15,73,overcast clouds,1.1,0.0
Aigues Mortes,2026-06-24 00:00:00,23.95,24.31,73,broken clouds,0.84,0.0
Aigues Mortes,2026-06-24 03:00:00,22.33,22.45,70,clear sky,1.31,0.0
Aigues Mortes,2026-06-24 06:00:00,24.64,24.7,59,clear sky,1.65,0.0
Aigues Mortes,2026-06-24 09:00:00,27.85,27.96,46,clear sky,1.27,0.0
Aigues Mortes,2026-06-24 12:00:00,28.9,29.3,48,clear sky,4.36,0.0
Aigues Mortes,2026-06-24 15:00:00,28.58,29.24,51,clear sky,4.89,0.0
Aigues Mortes,2026-06-24 18:00:00,26.61,26.61,60,clear sky,4.13,0.0
Aigues Mortes,2026-06-24 21:00:00,24.58,25.0,73,broken clouds,0.94,0.0
Aigues Mortes,2026-06-25 00:00:00,23.86,24.18,72,overcast clouds,1.04,0.0
Aigues Mortes,2026-06-25 03:00:00,23.02,23.13,67,scattered clouds,2.28,0.0
Aigues Mortes,2026-06-25 06:00:00,24.49,24.64,63,broken clouds,2.3,0.0
Aigues Mortes,2026-06-25 09:00:00,27.45,28.16,54,clear sky,2.85,0.0
Aigues Mortes,2026-06-25 12:00:00,28.1,28.85,53,clear sky,4.53,0.0
Aigues Mortes,2026-06-25 15:00:00,27.67,28.78,58,clear sky,4.38,0.0
Aigues Mortes,2026-06-25 18:00:00,26.36,26.36,67,clear sky,3.52,0.0
Aigues Mortes,2026-06-25 21:00:00,24.27,24.71,75,clear sky,1.67,0.0
Aigues Mortes,2026-06-26 00:00:00,23.66,24.12,78,clear sky,0.29,0.0
Aigues Mortes,2026-06-26 03:00:00,22.61,22.86,74,clear sky,2.24,0.0
Aigues Mortes,2026-06-26 06:00:00,24.04,24.12,62,clear sky,1.73,0.0
Aigues Mortes,2026-06-26 09:00:00,27.59,27.93,49,few clouds,1.65,0.0
Aigues Mortes,2026-06-26 12:00:00,28.55,29.31,52,few clouds,4.37,0.0
Aigues Mortes,2026-06-26 15:00:00,27.64,29.03,61,few clouds,4.67,0.0
Aigues Mortes,2026-06-26 18:00:00,26.01,26.01,71,few clouds,4.23,0.0
Aigues Mortes,2026-06-26 21:00:00,24.24,24.78,79,clear sky,2.52,0.0
Aigues Mortes,2026-06-27 00:00:00,23.94,24.48,80,few clouds,1.9,0.0
Aigues Mortes,2026-06-27 03:00:00,22.93,23.45,83,overcast clouds,2.57,0.0
Aigues Mortes,2026-06-27 06:00:00,24.36,24.73,72,overcast clouds,2.45,0.0
Aigues Mortes,2026-06-27 09:00:00,27.82,28.89,57,broken clouds,2.03,0.0
Aigues Mortes,2026-06-27 12:00:00,28.45,29.52,55,broken clouds,4.02,0.0
Saintes Maries De La Mer,2026-06-22 15:00:00,26.67,27.39,55,clear sky,5.45,0.0
Saintes Maries De La Mer,2026-06-22 18:00:00,26.22,26.22,63,few clouds,3.4,0.0
Saintes Maries De La Mer,2026-06-22 21:00:00,25.22,25.57,68,overcast clouds,2.14,0.0
Saintes Maries De La Mer,2026-06-23 00:00:00,24.4,24.72,70,broken clouds,0.77,0.0
Saintes Maries De La Mer,2026-06-23 03:00:00,23.73,23.86,65,clear sky,1.65,0.0
Saintes Maries De La Mer,2026-06-23 06:00:00,24.26,24.31,60,few clouds,2.66,0.0
Saintes Maries De La Mer,2026-06-23 09:00:00,28.03,28.67,52,clear sky,0.66,0.0
Saintes Maries De La Mer,2026-06-23 12:00:00,26.65,26.65,53,clear sky,6.02,0.0
Saintes Maries De La Mer,2026-06-23 15:00:00,26.08,26.08,63,clear sky,6.03,0.0
Saintes Maries De La Mer,2026-06-23 18:00:00,25.57,25.96,68,few clouds,3.91,0.0
Saintes Maries De La Mer,2026-06-23 21:00:00,24.85,25.32,74,overcast clouds,1.33,0.0
Saintes Maries De La Mer,2026-06-24 00:00:00,24.42,24.85,74,broken clouds,0.58,0.0
Saintes Maries De La Mer,2026-06-24 03:00:00,23.86,24.16,71,clear sky,1.06,0.0
Saintes Maries De La Mer,2026-06-24 06:00:00,24.2,24.32,63,clear sky,1.69,0.0
Saintes Maries De La Mer,2026-06-24 09:00:00,26.6,26.6,55,clear sky,1.51,0.0
Saintes Maries De La Mer,2026-06-24 12:00:00,26.48,26.48,55,clear sky,4.18,0.0
Saintes Maries De La Mer,2026-06-24 15:00:00,26.64,26.64,60,clear sky,4.67,0.0
Saintes Maries De La Mer,2026-06-24 18:00:00,25.83,26.22,67,clear sky,4.15,0.0
Saintes Maries De La Mer,2026-06-24 21:00:00,24.85,25.32,74,overcast clouds,0.89,0.0
Saintes Maries De La Mer,2026-06-25 00:00:00,24.67,25.02,70,overcast clouds,1.28,0.0
Saintes Maries De La Mer,2026-06-25 03:00:00,23.71,23.99,71,scattered clouds,2.1,0.0
Saintes Maries De La Mer,2026-06-25 06:00:00,24.71,24.99,67,broken clouds,2.0,0.0
Saintes Maries De La Mer,2026-06-25 09:00:00,26.31,26.31,60,clear sky,2.89,0.0
Saintes Maries De La Mer,2026-06-25 12:00:00,26.21,26.21,61,clear sky,4.38,0.0
Saintes Maries De La Mer,2026-06-25 15:00:00,26.04,26.04,66,clear sky,4.8,0.0
Saintes Maries De La Mer,2026-06-25 18:00:00,25.47,26.0,74,clear sky,3.59,0.0
Saintes Maries De La Mer,2026-06-25 21:00:00,24.47,25.04,79,clear sky,1.25,0.0
Saintes Maries De La Mer,2026-06-26 00:00:00,24.26,24.78,78,clear sky,0.57,0.0
Saintes Maries De La Mer,2026-06-26 03:00:00,23.15,23.53,77,clear sky,1.85,0.0
Saintes Maries De La Mer,2026-06-26 06:00:00,23.98,24.24,69,clear sky,1.67,0.0
Saintes Maries De La Mer,2026-06-26 09:00:00,26.34,26.34,58,clear sky,1.82,0.0
Saintes Maries De La Mer,2026-06-26 12:00:00,26.19,26.19,60,few clouds,4.22,0.0
Saintes Maries De La Mer,2026-06-26 15:00:00,25.61,26.13,73,clear sky,5.22,0.0
Saintes Maries De La Mer,2026-06-26 18:00:00,25.04,25.64,78,clear sky,4.48,0.0
Saintes Maries De La Mer,2026-06-26 21:00:00,24.51,25.13,81,clear sky,2.16,0.0
Saintes Maries De La Mer,2026-06-27 00:00:00,24.48,25.05,79,few clouds,2.13,0.0
Saintes Maries De La Mer,2026-06-27 03:00:00,23.73,24.25,80,overcast clouds,1.76,0.0
Saintes Maries De La Mer,2026-06-27 06:00:00,24.58,25.03,74,overcast clouds,1.24,0.0
Saintes Maries De La Mer,2026-06-27 09:00:00,26.35,26.35,64,few clouds,2.71,0.0
Saintes Maries De La Mer,2026-06-27 12:00:00,25.89,26.31,68,scattered clouds,4.17,0.0
Collioure,2026-06-22 15:00:00,31.61,32.82,46,clear sky,2.52,0.0
Collioure,2026-06-22 18:00:00,30.04,31.6,53,clear sky,1.82,0.0
Collioure,2026-06-22 21:00:00,23.0,23.39,78,clear sky,1.49,0.0
Collioure,2026-06-23 00:00:00,23.24,23.4,68,broken clouds,1.47,0.0
Collioure,2026-06-23 03:00:00,21.85,22.02,74,few clouds,1.66,0.0
Collioure,2026-06-23 06:00:00,24.52,24.62,61,few clouds,1.68,0.0
Collioure,2026-06-23 09:00:00,30.15,30.11,42,clear sky,1.76,0.0
Collioure,2026-06-23 12:00:00,31.28,31.28,40,clear sky,3.26,0.0
Collioure,2026-06-23 15:00:00,31.85,31.73,38,few clouds,3.26,0.0
Collioure,2026-06-23 18:00:00,30.2,30.58,45,few clouds,3.23,0.0
Collioure,2026-06-23 21:00:00,24.75,24.82,59,clear sky,1.84,0.0
Collioure,2026-06-24 00:00:00,23.84,23.98,65,scattered clouds,1.39,0.0
Collioure,2026-06-24 03:00:00,22.38,22.66,76,broken clouds,1.81,0.0
Collioure,2026-06-24 06:00:00,24.58,24.9,69,scattered clouds,0.97,0.0
Collioure,2026-06-24 09:00:00,29.64,30.67,51,clear sky,2.16,0.0
Collioure,2026-06-24 12:00:00,32.47,32.78,39,clear sky,3.89,0.0
Collioure,2026-06-24 15:00:00,32.31,32.03,36,clear sky,5.5,0.0
Collioure,2026-06-24 18:00:00,29.34,29.38,44,clear sky,4.45,0.0
Collioure,2026-06-24 21:00:00,24.51,24.48,56,clear sky,3.36,0.0
Collioure,2026-06-25 00:00:00,22.99,22.94,61,clear sky,2.36,0.0
Collioure,2026-06-25 03:00:00,21.86,21.8,65,clear sky,2.56,0.0
Collioure,2026-06-25 06:00:00,23.94,23.93,59,clear sky,2.45,0.0
Collioure,2026-06-25 09:00:00,29.27,29.3,44,clear sky,2.93,0.0
Collioure,2026-06-25 12:00:00,32.71,33.33,40,clear sky,7.17,0.0
Collioure,2026-06-25 15:00:00,32.28,33.07,42,clear sky,7.69,0.0
Collioure,2026-06-25 18:00:00,30.16,31.13,49,light rain,3.16,0.1
Collioure,2026-06-25 21:00:00,24.85,25.06,64,overcast clouds,1.92,0.0
Collioure,2026-06-26 00:00:00,22.27,22.72,83,overcast clouds,2.23,0.0
Collioure,2026-06-26 03:00:00,22.43,22.84,81,overcast clouds,2.58,0.0
Collioure,2026-06-26 06:00:00,24.6,24.94,70,broken clouds,2.2,0.0
Collioure,2026-06-26 09:00:00,28.82,29.91,54,clear sky,1.92,0.0
Collioure,2026-06-26 12:00:00,31.48,32.23,44,clear sky,3.18,0.0
Collioure,2026-06-26 15:00:00,31.94,33.15,45,clear sky,4.02,0.0
Collioure,2026-06-26 18:00:00,30.58,31.94,50,clear sky,1.6,0.0
Collioure,2026-06-26 21:00:00,24.48,24.79,69,clear sky,1.09,0.0
Collioure,2026-06-27 00:00:00,23.67,23.92,70,few clouds,0.92,0.0
Collioure,2026-06-27 03:00:00,22.54,22.89,78,few clouds,1.45,0.0
Collioure,2026-06-27 06:00:00,25.04,25.38,68,few clouds,1.71,0.0
Collioure,2026-06-27 09:00:00,30.35,32.11,53,clear sky,1.64,0.0
Collioure,2026-06-27 12:00:00,32.07,33.15,44,clear sky,3.21,0.0
Carcassonne,2026-06-22 15:00:00,35.36,34.2,25,clear sky,7.0,0.0
Carcassonne,2026-06-22 18:00:00,31.32,30.39,33,light rain,5.82,0.35
Carcassonne,2026-06-22 21:00:00,26.35,26.35,53,light rain,3.26,0.62
Carcassonne,2026-06-23 00:00:00,24.43,24.36,55,broken clouds,2.24,0.0
Carcassonne,2026-06-23 03:00:00,22.21,21.95,56,scattered clouds,2.69,0.0
Carcassonne,2026-06-23 06:00:00,25.46,25.26,46,few clouds,2.45,0.0
Carcassonne,2026-06-23 09:00:00,34.34,32.54,22,scattered clouds,3.64,0.0
Carcassonne,2026-06-23 12:00:00,37.22,35.15,17,scattered clouds,5.8,0.0
Carcassonne,2026-06-23 15:00:00,37.27,34.92,15,scattered clouds,5.47,0.0
Carcassonne,2026-06-23 18:00:00,30.85,28.91,19,few clouds,5.1,0.0
Carcassonne,2026-06-23 21:00:00,27.39,27.1,39,few clouds,3.45,0.0
Carcassonne,2026-06-24 00:00:00,24.92,24.77,50,scattered clouds,3.9,0.0
Carcassonne,2026-06-24 03:00:00,22.43,22.16,55,broken clouds,3.44,0.0
Carcassonne,2026-06-24 06:00:00,24.99,24.85,50,scattered clouds,4.31,0.0
Carcassonne,2026-06-24 09:00:00,32.46,31.48,31,clear sky,6.01,0.0
Carcassonne,2026-06-24 12:00:00,37.17,36.0,22,clear sky,6.97,0.0
Carcassonne,2026-06-24 15:00:00,36.94,35.7,22,clear sky,7.72,0.0
Carcassonne,2026-06-24 18:00:00,30.73,29.55,31,clear sky,7.06,0.0
Carcassonne,2026-06-24 21:00:00,23.99,23.85,54,clear sky,4.4,0.0
Carcassonne,2026-06-25 00:00:00,21.52,21.5,68,clear sky,5.01,0.0
Carcassonne,2026-06-25 03:00:00,20.95,21.14,78,clear sky,4.87,0.0
Carcassonne,2026-06-25 06:00:00,23.58,23.72,66,clear sky,5.48,0.0
Carcassonne,2026-06-25 09:00:00,30.71,30.28,38,clear sky,7.88,0.0
Carcassonne,2026-06-25 12:00:00,34.87,34.1,28,clear sky,8.34,0.0
Carcassonne,2026-06-25 15:00:00,34.4,34.02,31,clear sky,8.35,0.0
Carcassonne,2026-06-25 18:00:00,26.25,26.25,57,light rain,1.29,0.32
Carcassonne,2026-06-25 21:00:00,23.25,23.43,69,overcast clouds,2.52,0.0
Carcassonne,2026-06-26 00:00:00,21.75,21.86,72,overcast clouds,0.29,0.0
Carcassonne,2026-06-26 03:00:00,20.32,20.47,79,broken clouds,1.59,0.0
Carcassonne,2026-06-26 06:00:00,22.96,23.09,68,broken clouds,1.35,0.0
Carcassonne,2026-06-26 09:00:00,30.96,30.72,39,scattered clouds,2.19,0.0
Carcassonne,2026-06-26 12:00:00,37.05,36.51,25,scattered clouds,5.28,0.0
Carcassonne,2026-06-26 15:00:00,37.28,36.37,23,clear sky,6.54,0.0
Carcassonne,2026-06-26 18:00:00,32.37,31.95,35,clear sky,6.09,0.0
Carcassonne,2026-06-26 21:00:00,25.06,25.14,58,clear sky,3.51,0.0
Carcassonne,2026-06-27 00:00:00,22.74,22.79,66,clear sky,1.23,0.0
Carcassonne,2026-06-27 03:00:00,21.23,21.55,82,clear sky,3.31,0.0
Carcassonne,2026-06-27 06:00:00,21.44,21.73,80,few clouds,4.49,0.0
Carcassonne,2026-06-27 09:00:00,28.17,28.55,49,few clouds,3.89,0.0
Carcassonne,2026-06-27 12:00:00,35.54,35.7,31,few clouds,2.62,0.0
Ariege,2026-06-22 15:00:00,31.29,29.23,17,clear sky,3.53,0.0
Ariege,2026-06-22 18:00:00,25.04,24.51,35,clear sky,3.37,0.0
Ariege,2026-06-22 21:00:00,22.48,22.19,54,scattered clouds,2.97,0.0
Ariege,2026-06-23 00:00:00,21.79,21.15,43,scattered clouds,3.14,0.0
Ariege,2026-06-23 03:00:00,19.57,18.63,40,scattered clouds,2.92,0.0
Ariege,2026-06-23 06:00:00,21.62,21.2,52,scattered clouds,2.42,0.0
Ariege,2026-06-23 09:00:00,29.06,27.87,29,clear sky,2.0,0.0
Ariege,2026-06-23 12:00:00,31.91,30.08,23,scattered clouds,2.37,0.0
Ariege,2026-06-23 15:00:00,31.4,29.53,22,broken clouds,2.12,0.0
Ariege,2026-06-23 18:00:00,20.99,20.24,42,scattered clouds,1.05,0.0
Ariege,2026-06-23 21:00:00,23.28,22.86,46,scattered clouds,3.27,0.0
Ariege,2026-06-24 00:00:00,22.18,21.63,45,scattered clouds,3.33,0.0
Ariege,2026-06-24 03:00:00,19.96,19.13,43,few clouds,3.04,0.0
Ariege,2026-06-24 06:00:00,20.76,20.3,54,clear sky,2.4,0.0
Ariege,2026-06-24 09:00:00,29.34,28.22,31,clear sky,2.08,0.0
Ariege,2026-06-24 12:00:00,32.07,30.31,24,clear sky,2.84,0.0
Ariege,2026-06-24 15:00:00,32.68,30.77,22,clear sky,2.69,0.0
Ariege,2026-06-24 18:00:00,24.96,24.92,54,few clouds,2.89,0.0
Ariege,2026-06-24 21:00:00,19.13,18.77,64,broken clouds,3.62,0.0
Ariege,2026-06-25 00:00:00,19.4,18.78,53,broken clouds,3.23,0.0
Ariege,2026-06-25 03:00:00,18.59,17.86,52,scattered clouds,3.29,0.0
Ariege,2026-06-25 06:00:00,20.02,19.64,60,few clouds,2.41,0.0
Ariege,2026-06-25 09:00:00,28.52,27.71,34,few clouds,0.86,0.0
Ariege,2026-06-25 12:00:00,32.39,30.82,26,clear sky,1.59,0.0
Ariege,2026-06-25 15:00:00,25.09,25.14,57,light rain,4.22,2.47
Ariege,2026-06-25 18:00:00,15.78,15.92,96,heavy intensity rain,4.27,13.5
Ariege,2026-06-25 21:00:00,17.21,17.05,79,overcast clouds,2.79,0.0
Ariege,2026-06-26 00:00:00,16.82,16.54,76,overcast clouds,1.95,0.0
Ariege,2026-06-26 03:00:00,16.46,16.07,73,overcast clouds,1.61,0.0
Ariege,2026-06-26 06:00:00,18.58,18.32,70,broken clouds,0.93,0.0
Ariege,2026-06-26 09:00:00,25.42,25.24,47,few clouds,1.65,0.0
Ariege,2026-06-26 12:00:00,29.84,29.0,35,scattered clouds,1.75,0.0
Ariege,2026-06-26 15:00:00,31.34,30.41,33,scattered clouds,2.14,0.0
Ariege,2026-06-26 18:00:00,27.33,28.26,57,scattered clouds,0.74,0.0
Ariege,2026-06-26 21:00:00,21.88,21.82,65,light rain,2.93,0.12
Ariege,2026-06-27 00:00:00,17.44,17.54,88,light rain,2.9,0.64
Ariege,2026-06-27 03:00:00,16.28,16.31,90,clear sky,0.96,0.0
Ariege,2026-06-27 06:00:00,16.94,17.01,89,clear sky,0.29,0.0
Ariege,2026-06-27 09:00:00,23.48,23.4,58,clear sky,1.67,0.0
Ariege,2026-06-27 12:00:00,27.63,27.68,45,clear sky,2.26,0.0
Toulouse,2026-06-22 15:00:00,38.6,38.24,23,clear sky,1.92,0.0
Toulouse,2026-06-22 18:00:00,34.7,32.83,21,clear sky,8.46,0.0
Toulouse,2026-06-22 21:00:00,27.35,26.97,37,few clouds,1.08,0.0
Toulouse,2026-06-23 00:00:00,25.59,25.38,45,broken clouds,3.01,0.0
Toulouse,2026-06-23 03:00:00,22.63,22.23,49,scattered clouds,3.01,0.0
Toulouse,2026-06-23 06:00:00,25.82,25.58,43,scattered clouds,2.9,0.0
Toulouse,2026-06-23 09:00:00,32.81,30.98,23,scattered clouds,2.78,0.0
Toulouse,2026-06-23 12:00:00,38.05,35.77,15,scattered clouds,3.04,0.0
Toulouse,2026-06-23 15:00:00,40.02,37.58,13,few clouds,0.54,0.0
Toulouse,2026-06-23 18:00:00,32.53,30.42,19,scattered clouds,3.7,0.0
Toulouse,2026-06-23 21:00:00,29.79,28.32,26,few clouds,4.45,0.0
Toulouse,2026-06-24 00:00:00,27.04,26.7,36,few clouds,4.45,0.0
Toulouse,2026-06-24 03:00:00,23.46,23.04,45,clear sky,3.56,0.0
Toulouse,2026-06-24 06:00:00,25.92,25.72,44,clear sky,4.48,0.0
Toulouse,2026-06-24 09:00:00,34.86,33.27,23,clear sky,4.65,0.0
Toulouse,2026-06-24 12:00:00,39.39,37.51,16,clear sky,4.07,0.0
Toulouse,2026-06-24 15:00:00,40.06,38.08,15,clear sky,6.53,0.0
Toulouse,2026-06-24 18:00:00,34.98,33.41,23,clear sky,7.34,0.0
Toulouse,2026-06-24 21:00:00,26.71,26.66,40,clear sky,5.34,0.0
Toulouse,2026-06-25 00:00:00,23.6,23.4,53,clear sky,5.41,0.0
Toulouse,2026-06-25 03:00:00,22.52,22.37,59,few clouds,5.42,0.0
Toulouse,2026-06-25 06:00:00,23.69,23.73,62,clear sky,5.83,0.0
Toulouse,2026-06-25 09:00:00,31.8,31.08,34,clear sky,6.53,0.0
Toulouse,2026-06-25 12:00:00,37.53,36.48,22,clear sky,6.01,0.0
Toulouse,2026-06-25 15:00:00,38.6,37.45,20,clear sky,6.27,0.0
Toulouse,2026-06-25 18:00:00,27.01,27.55,52,scattered clouds,7.06,0.0
Toulouse,2026-06-25 21:00:00,24.28,24.3,59,overcast clouds,3.32,0.0
Toulouse,2026-06-26 00:00:00,22.19,22.24,68,overcast clouds,2.39,0.0
Toulouse,2026-06-26 03:00:00,19.75,19.87,80,broken clouds,1.45,0.0
Toulouse,2026-06-26 06:00:00,21.96,22.09,72,scattered clouds,0.77,0.0
Toulouse,2026-06-26 09:00:00,29.12,29.34,46,scattered clouds,2.01,0.0
Toulouse,2026-06-26 12:00:00,36.16,35.69,27,scattered clouds,2.5,0.0
Toulouse,2026-06-26 15:00:00,39.8,38.8,19,few clouds,2.64,0.0
Toulouse,2026-06-26 18:00:00,37.11,35.92,22,few clouds,3.93,0.0
Toulouse,2026-06-26 21:00:00,27.96,27.99,45,few clouds,5.12,0.0
Toulouse,2026-06-27 00:00:00,23.19,23.39,70,scattered clouds,5.38,0.0
Toulouse,2026-06-27 03:00:00,19.96,20.26,86,clear sky,4.71,0.0
Toulouse,2026-06-27 06:00:00,20.53,20.7,79,few clouds,4.12,0.0
Toulouse,2026-06-27 09:00:00,26.78,27.21,50,clear sky,2.44,0.0
Toulouse,2026-06-27 12:00:00,32.93,32.7,35,clear sky,2.72,0.0
Montauban,2026-06-22 15:00:00,37.14,36.64,25,clear sky,0.21,0.0
Montauban,2026-06-22 18:00:00,34.64,33.29,25,clear sky,8.69,0.0
Montauban,2026-06-22 21:00:00,27.01,26.92,41,clear sky,4.41,0.0
Montauban,2026-06-23 00:00:00,24.99,24.72,45,scattered clouds,1.83,0.0
Montauban,2026-06-23 03:00:00,22.62,22.35,54,broken clouds,3.52,0.0
Montauban,2026-06-23 06:00:00,25.36,25.23,49,scattered clouds,2.49,0.0
Montauban,2026-06-23 09:00:00,31.29,30.14,31,scattered clouds,2.37,0.0
Montauban,2026-06-23 12:00:00,38.81,37.03,17,broken clouds,1.97,0.0
Montauban,2026-06-23 15:00:00,41.09,38.78,13,overcast clouds,2.09,0.0
Montauban,2026-06-23 18:00:00,35.5,33.89,22,overcast clouds,1.27,0.0
Montauban,2026-06-23 21:00:00,29.05,27.81,28,scattered clouds,2.98,0.0
Montauban,2026-06-24 00:00:00,25.9,25.62,41,scattered clouds,2.95,0.0
Montauban,2026-06-24 03:00:00,23.15,22.85,51,few clouds,1.83,0.0
Montauban,2026-06-24 06:00:00,26.68,26.87,45,clear sky,2.56,0.0
Montauban,2026-06-24 09:00:00,34.4,33.15,26,clear sky,3.13,0.0
Montauban,2026-06-24 12:00:00,39.75,37.95,16,clear sky,2.95,0.0
Montauban,2026-06-24 15:00:00,41.47,39.22,13,clear sky,2.48,0.0
Montauban,2026-06-24 18:00:00,37.35,35.64,19,clear sky,8.18,0.0
Montauban,2026-06-24 21:00:00,24.36,24.18,51,light rain,4.64,0.39
Montauban,2026-06-25 00:00:00,23.54,23.2,48,broken clouds,3.47,0.0
Montauban,2026-06-25 03:00:00,22.34,21.94,50,scattered clouds,3.78,0.0
Montauban,2026-06-25 06:00:00,23.97,23.73,50,few clouds,2.93,0.0
Montauban,2026-06-25 09:00:00,31.95,31.13,33,clear sky,5.76,0.0
Montauban,2026-06-25 12:00:00,38.03,37.16,22,clear sky,4.86,0.0
Montauban,2026-06-25 15:00:00,40.29,38.62,16,clear sky,3.77,0.0
Montauban,2026-06-25 18:00:00,28.96,29.05,45,few clouds,8.46,0.0
Montauban,2026-06-25 21:00:00,24.69,24.73,58,overcast clouds,2.76,0.0
Montauban,2026-06-26 00:00:00,21.65,21.72,71,overcast clouds,2.53,0.0
Montauban,2026-06-26 03:00:00,19.92,20.19,85,broken clouds,2.36,0.0
Montauban,2026-06-26 06:00:00,21.67,21.9,77,broken clouds,1.55,0.0
Montauban,2026-06-26 09:00:00,29.29,29.79,48,few clouds,0.84,0.0
Montauban,2026-06-26 12:00:00,35.97,35.87,29,few clouds,1.9,0.0
Montauban,2026-06-26 15:00:00,39.7,38.95,20,few clouds,1.44,0.0
Montauban,2026-06-26 18:00:00,39.08,37.59,18,clear sky,2.09,0.0
Montauban,2026-06-26 21:00:00,30.1,29.18,34,scattered clouds,3.2,0.0
Montauban,2026-06-27 00:00:00,24.68,24.69,57,scattered clouds,3.28,0.0
Montauban,2026-06-27 03:00:00,19.59,19.85,86,scattered clouds,4.61,0.0
Montauban,2026-06-27 06:00:00,20.42,20.55,78,few clouds,3.61,0.0
Montauban,2026-06-27 09:00:00,26.4,26.4,52,clear sky,2.91,0.0
Montauban,2026-06-27 12:00:00,32.42,32.18,36,clear sky,3.11,0.0
Biarritz,2026-06-22 15:00:00,32.22,32.07,37,scattered clouds,3.5,0.0
Biarritz,2026-06-22 18:00:00,27.49,28.72,60,few clouds,3.28,0.0
Biarritz,2026-06-22 21:00:00,23.98,24.18,67,clear sky,1.15,0.0
Biarritz,2026-06-23 00:00:00,21.48,21.85,83,clear sky,2.21,0.0
Biarritz,2026-06-23 03:00:00,22.84,22.82,63,clear sky,2.83,0.0
Biarritz,2026-06-23 06:00:00,23.1,23.03,60,clear sky,1.83,0.0
Biarritz,2026-06-23 09:00:00,29.05,29.26,46,clear sky,1.29,0.0
Biarritz,2026-06-23 12:00:00,33.6,33.86,36,clear sky,2.85,0.0
Biarritz,2026-06-23 15:00:00,32.29,33.09,42,clear sky,3.82,0.0
Biarritz,2026-06-23 18:00:00,27.12,28.47,63,clear sky,1.68,0.0
Biarritz,2026-06-23 21:00:00,26.19,26.19,58,few clouds,0.71,0.0
Biarritz,2026-06-24 00:00:00,23.51,23.64,66,broken clouds,1.85,0.0
Biarritz,2026-06-24 03:00:00,23.95,23.81,54,scattered clouds,2.4,0.0
Biarritz,2026-06-24 06:00:00,24.18,24.17,58,few clouds,2.47,0.0
Biarritz,2026-06-24 09:00:00,30.17,30.27,43,few clouds,1.42,0.0
Biarritz,2026-06-24 12:00:00,33.02,33.2,37,clear sky,2.69,0.0
Biarritz,2026-06-24 15:00:00,29.45,30.13,49,clear sky,4.32,0.0
Biarritz,2026-06-24 18:00:00,28.0,28.92,55,clear sky,3.11,0.0
Biarritz,2026-06-24 21:00:00,26.21,26.21,59,clear sky,4.8,0.0
Biarritz,2026-06-25 00:00:00,21.51,21.94,85,light rain,6.57,0.13
Biarritz,2026-06-25 03:00:00,19.92,20.32,90,overcast clouds,1.66,0.0
Biarritz,2026-06-25 06:00:00,21.78,22.0,76,broken clouds,3.54,0.0
Biarritz,2026-06-25 09:00:00,27.79,28.3,51,scattered clouds,1.64,0.0
Biarritz,2026-06-25 12:00:00,23.35,23.67,74,broken clouds,5.3,0.0
Biarritz,2026-06-25 15:00:00,22.18,22.59,82,scattered clouds,4.95,0.0
Biarritz,2026-06-25 18:00:00,21.21,21.71,89,scattered clouds,5.58,0.0
Biarritz,2026-06-25 21:00:00,20.01,20.52,94,light rain,3.1,0.34
Biarritz,2026-06-26 00:00:00,19.45,19.93,95,broken clouds,2.31,0.0
Biarritz,2026-06-26 03:00:00,18.92,19.35,95,scattered clouds,1.14,0.0
Biarritz,2026-06-26 06:00:00,19.2,19.6,93,scattered clouds,1.45,0.0
Biarritz,2026-06-26 09:00:00,23.34,23.66,74,clear sky,1.52,0.0
Biarritz,2026-06-26 12:00:00,24.98,25.36,70,clear sky,3.77,0.0
Biarritz,2026-06-26 15:00:00,23.33,23.76,78,broken clouds,3.84,0.0
Biarritz,2026-06-26 18:00:00,22.33,22.84,85,scattered clouds,5.85,0.0
Biarritz,2026-06-26 21:00:00,20.47,20.97,92,few clouds,4.12,0.0
Biarritz,2026-06-27 00:00:00,20.47,20.97,92,scattered clouds,3.89,0.0
Biarritz,2026-06-27 03:00:00,20.04,20.5,92,light rain,2.49,0.18
Biarritz,2026-06-27 06:00:00,20.13,20.52,89,scattered clouds,0.88,0.0
Biarritz,2026-06-27 09:00:00,21.57,21.77,76,few clouds,2.18,0.0
Biarritz,2026-06-27 12:00:00,21.24,21.43,77,few clouds,4.04,0.0
Bayonne,2026-06-22 15:00:00,30.58,29.79,35,few clouds,3.22,0.0
Bayonne,2026-06-22 18:00:00,26.68,27.4,55,few clouds,3.5,0.0
Bayonne,2026-06-22 21:00:00,23.8,23.75,58,clear sky,1.43,0.0
Bayonne,2026-06-23 00:00:00,21.66,21.97,80,clear sky,2.11,0.0
Bayonne,2026-06-23 03:00:00,22.99,22.96,62,clear sky,2.65,0.0
Bayonne,2026-06-23 06:00:00,25.65,25.79,58,clear sky,1.61,0.0
Bayonne,2026-06-23 09:00:00,27.79,27.36,38,clear sky,1.16,0.0
Bayonne,2026-06-23 12:00:00,30.93,29.41,27,clear sky,2.48,0.0
Bayonne,2026-06-23 15:00:00,35.86,36.19,31,clear sky,3.15,0.0
Bayonne,2026-06-23 18:00:00,27.66,28.41,54,clear sky,1.94,0.0
Bayonne,2026-06-23 21:00:00,25.56,25.58,54,few clouds,0.78,0.0
Bayonne,2026-06-24 00:00:00,23.62,23.68,63,scattered clouds,1.57,0.0
Bayonne,2026-06-24 03:00:00,24.05,23.82,50,scattered clouds,2.25,0.0
Bayonne,2026-06-24 06:00:00,26.73,27.39,54,scattered clouds,2.02,0.0
Bayonne,2026-06-24 09:00:00,32.86,32.61,35,few clouds,1.53,0.0
Bayonne,2026-06-24 12:00:00,35.85,35.7,29,few clouds,2.21,0.0
Bayonne,2026-06-24 15:00:00,32.29,32.7,40,clear sky,3.84,0.0
Bayonne,2026-06-24 18:00:00,30.3,31.02,47,clear sky,2.44,0.0
Bayonne,2026-06-24 21:00:00,27.59,28.0,50,clear sky,3.0,0.0
Bayonne,2026-06-25 00:00:00,22.22,22.59,80,scattered clouds,5.88,0.0
Bayonne,2026-06-25 03:00:00,19.44,19.87,93,overcast clouds,1.15,0.0
Bayonne,2026-06-25 06:00:00,22.1,22.3,74,broken clouds,3.07,0.0
Bayonne,2026-06-25 09:00:00,30.18,30.02,41,scattered clouds,1.88,0.0
Bayonne,2026-06-25 12:00:00,26.28,26.28,61,broken clouds,5.68,0.0
Bayonne,2026-06-25 15:00:00,23.36,23.74,76,broken clouds,5.09,0.0
Bayonne,2026-06-25 18:00:00,21.54,22.0,86,scattered clouds,5.39,0.0
Bayonne,2026-06-25 21:00:00,19.8,20.34,96,light rain,3.14,0.38
Bayonne,2026-06-26 00:00:00,19.05,19.54,97,broken clouds,1.89,0.0
Bayonne,2026-06-26 03:00:00,18.38,18.81,97,few clouds,1.18,0.0
Bayonne,2026-06-26 06:00:00,19.07,19.46,93,scattered clouds,1.2,0.0
Bayonne,2026-06-26 09:00:00,24.79,25.1,68,few clouds,1.45,0.0
Bayonne,2026-06-26 12:00:00,27.41,28.62,60,clear sky,3.59,0.0
Bayonne,2026-06-26 15:00:00,25.72,26.12,68,broken clouds,3.95,0.0
Bayonne,2026-06-26 18:00:00,22.58,23.06,83,scattered clouds,5.42,0.0
Bayonne,2026-06-26 21:00:00,20.28,20.79,93,few clouds,3.77,0.0
Bayonne,2026-06-27 00:00:00,20.24,20.75,93,few clouds,3.35,0.0
Bayonne,2026-06-27 03:00:00,19.68,20.16,94,light rain,2.06,0.12
Bayonne,2026-06-27 06:00:00,20.1,20.49,89,few clouds,0.78,0.0
Bayonne,2026-06-27 09:00:00,22.7,22.85,70,few clouds,2.22,0.0
Bayonne,2026-06-27 12:00:00,22.71,22.89,71,few clouds,4.3,0.0
La Rochelle,2026-06-22 15:00:00,35.59,39.01,42,clear sky,5.86,0.0
La Rochelle,2026-06-22 18:00:00,30.31,31.86,52,clear sky,5.72,0.0
La Rochelle,2026-06-22 21:00:00,27.83,27.65,42,clear sky,4.18,0.0
La Rochelle,2026-06-23 00:00:00,27.58,27.77,47,clear sky,5.35,0.0
La Rochelle,2026-06-23 03:00:00,25.14,24.94,47,clear sky,4.45,0.0
La Rochelle,2026-06-23 06:00:00,26.76,27.14,49,clear sky,2.94,0.0
La Rochelle,2026-06-23 09:00:00,34.75,37.66,43,clear sky,1.89,0.0
La Rochelle,2026-06-23 12:00:00,29.82,29.96,44,clear sky,3.73,0.0
La Rochelle,2026-06-23 15:00:00,28.65,29.11,49,clear sky,6.02,0.0
La Rochelle,2026-06-23 18:00:00,29.08,29.41,47,clear sky,6.87,0.0
La Rochelle,2026-06-23 21:00:00,28.19,27.76,39,scattered clouds,4.96,0.0
La Rochelle,2026-06-24 00:00:00,28.13,28.0,43,broken clouds,6.9,0.0
La Rochelle,2026-06-24 03:00:00,25.05,24.97,52,few clouds,5.73,0.0
La Rochelle,2026-06-24 06:00:00,26.4,26.4,44,scattered clouds,5.72,0.0
La Rochelle,2026-06-24 09:00:00,31.15,30.69,37,overcast clouds,2.55,0.0
La Rochelle,2026-06-24 12:00:00,32.02,31.64,36,overcast clouds,1.59,0.0
La Rochelle,2026-06-24 15:00:00,31.88,31.77,38,overcast clouds,4.73,0.0
La Rochelle,2026-06-24 18:00:00,29.01,29.1,45,overcast clouds,5.37,0.0
La Rochelle,2026-06-24 21:00:00,28.3,27.93,40,scattered clouds,2.18,0.0
La Rochelle,2026-06-25 00:00:00,28.06,27.52,37,few clouds,5.94,0.0
La Rochelle,2026-06-25 03:00:00,25.3,25.17,49,clear sky,6.21,0.0
La Rochelle,2026-06-25 06:00:00,24.82,24.77,54,clear sky,6.71,0.0
La Rochelle,2026-06-25 09:00:00,27.39,28.02,53,broken clouds,5.94,0.0
La Rochelle,2026-06-25 12:00:00,23.41,23.76,75,scattered clouds,5.21,0.0
La Rochelle,2026-06-25 15:00:00,22.34,22.72,80,light rain,6.11,0.1
La Rochelle,2026-06-25 18:00:00,20.69,21.09,87,few clouds,8.48,0.0
La Rochelle,2026-06-25 21:00:00,19.41,19.83,93,light rain,6.45,0.33
La Rochelle,2026-06-26 00:00:00,19.24,19.62,92,scattered clouds,6.82,0.0
La Rochelle,2026-06-26 03:00:00,18.24,18.55,93,clear sky,1.44,0.0
La Rochelle,2026-06-26 06:00:00,19.25,19.5,87,clear sky,1.3,0.0
La Rochelle,2026-06-26 09:00:00,22.51,22.62,69,clear sky,1.78,0.0
La Rochelle,2026-06-26 12:00:00,23.65,23.79,66,clear sky,6.13,0.0
La Rochelle,2026-06-26 15:00:00,22.81,22.9,67,clear sky,6.79,0.0
La Rochelle,2026-06-26 18:00:00,22.39,22.41,66,clear sky,8.63,0.0
La Rochelle,2026-06-26 21:00:00,21.31,21.27,68,clear sky,6.96,0.0
La Rochelle,2026-06-27 00:00:00,19.02,19.01,78,clear sky,4.79,0.0
La Rochelle,2026-06-27 03:00:00,18.66,18.83,86,light rain,4.65,0.3
La Rochelle,2026-06-27 06:00:00,19.43,19.75,89,light rain,5.18,0.37
La Rochelle,2026-06-27 09:00:00,20.97,21.21,80,light rain,4.7,0.42
La Rochelle,2026-06-27 12:00:00,20.57,20.75,79,clear sky,6.41,0.0
